date,OPEN,HIGH,LOW,CLOSE,VOLUME,dividend,event_type,description
2015-10-28,89.0,90.49,87.33,90.05,128577920,11391289093.9,,
2015-10-29,89.73,91.0,88.31,88.6,114433270,10264611464.2,,
2015-10-30,88.75,90.8,88.12,90.53,85414040,7671652354.9,,
2015-11-02,90.25,93.8,89.66,93.65,125019670,11533162305.0,,
2015-11-03,93.89,95.59,93.32,95.4,122438730,11599161951.2,,
2015-11-05,96.0,96.6,94.6,95.5,127769250,12206480529.7,,
2015-11-06,95.5,95.91,93.57,94.09,106579170,10073225196.8,,
2015-11-09,94.5,94.79,92.7,92.95,79039400,7402085478.9,,
2015-11-10,92.78,94.42,92.02,94.35,71523380,6655777226.0,,
2015-11-11,94.2,94.86,92.65,94.0,77489920,7269524919.6,,
2015-11-12,93.4,94.77,92.69,94.29,79197840,7419518325.5,,
2015-11-13,93.4,94.39,92.96,93.4,79071320,7405583101.2,,
2015-11-16,93.01,96.14,93.01,95.8,88111460,8334568871.8,,
2015-11-17,96.52,102.67,96.52,102.5,181101510,18037339094.4,,
2015-11-18,102.78,104.59,101.74,104.0,136661570,14142767356.0,,
2015-11-19,104.7,108.55,102.54,104.86,191081370,20252810885.6,,
2015-11-20,104.35,107.3,103.19,107.3,113710820,11970586652.5,,
2015-11-23,106.88,110.32,105.22,109.98,173233750,18771890126.7,,
2015-11-24,109.81,110.7,105.15,105.6,154170880,16553006789.6,,
2015-11-25,106.3,108.94,105.44,108.51,119491800,12803338864.7,,
2015-11-26,108.77,109.3,105.6,106.48,80653490,8668625700.7,,
2015-11-27,105.74,106.06,103.7,104.55,93334840,9777583229.9,,
2015-11-30,103.9,105.9,102.75,102.9,87247790,9118566860.4,,
2015-12-01,103.5,103.9,100.6,101.3,98894750,10092767266.0,,
2015-12-02,101.48,103.49,101.15,102.5,89735480,9173964817.2,,
2015-12-03,101.9,105.02,101.5,104.0,96438740,9954576276.4,,
2015-12-04,103.7,105.67,102.25,103.05,107660660,11195660819.9,,
2015-12-07,103.45,104.9,102.78,103.0,91341440,9468669139.4,,
2015-12-08,102.8,103.08,96.95,97.0,159235470,15881189863.0,,
2015-12-09,97.47,101.05,97.24,100.66,119148390,11798511398.8,,
2015-12-10,100.3,101.75,99.67,100.13,88967510,8959436284.2,,
2015-12-11,99.89,100.59,97.76,98.15,90949100,9032283624.3,,
2015-12-14,97.58,98.37,96.23,97.7,101851290,9921378442.1,,
2015-12-15,98.5,100.79,98.24,100.0,87563530,8741234831.7,,
2015-12-16,100.25,102.5,100.07,102.45,70548170,7173782061.5,,
2015-12-17,102.95,105.18,102.55,103.75,120210540,12511558166.4,,
2015-12-18,103.05,103.18,98.8,98.81,108929250,10934242379.6,,
2015-12-21,98.9,100.8,97.65,98.73,81398290,8076479541.6,,
2015-12-22,99.5,100.4,99.1,99.8,48799790,4870644757.0,,
2015-12-23,100.15,102.96,100.13,102.96,72286800,7362336613.5,,
2015-12-24,103.75,103.89,100.4,101.35,72255900,7360203488.0,,
2015-12-25,101.83,102.32,100.78,101.34,26197790,2659577449.7,,
2015-12-28,101.2,101.54,99.46,100.2,36924620,3696017086.7,,
2015-12-29,100.49,102.5,99.74,101.82,72703690,7344425012.6,,
2015-12-30,101.67,101.85,100.47,101.26,38868080,3932572461.9,,
2016-01-04,101.0,101.78,97.94,98.01,51264550,5077424469.2,,
2016-01-05,97.88,99.24,97.16,98.89,49071570,4821702731.4,,
2016-01-06,98.7,99.56,96.83,96.85,40710930,3986265724.8,,
2016-01-11,93.61,94.89,91.01,91.03,86120290,7987443989.1,,
2016-01-12,89.09,92.88,88.52,91.71,110109050,10043706788.5,,
2016-01-13,92.75,93.88,91.25,91.5,74169700,6892432509.5,,
2016-01-14,91.0,93.15,90.37,93.04,81179220,7437317841.1,,
2016-01-15,92.44,92.95,86.85,87.27,133791200,11969727980.7,,
2016-01-18,86.01,88.28,85.1,86.15,100574240,8736658755.0,,
2016-01-19,87.39,89.7,85.76,86.68,114039260,10054122892.0,,
2016-01-20,84.89,85.19,82.2,83.83,134624680,11248337450.6,,
2016-01-21,84.25,87.15,83.27,86.0,143863130,12301358567.0,,
2016-01-22,88.97,92.28,87.62,91.5,207689990,18629551391.5,,
2016-01-25,92.55,93.35,90.0,91.0,131784760,12064344954.0,,
2016-01-26,89.06,91.76,88.74,91.5,105375580,9524472957.3,,
2016-01-27,91.98,96.26,91.47,95.75,150816500,14245600391.1,,
2016-01-28,95.77,97.28,94.33,96.69,179555940,17265123553.8,,
2016-01-29,97.47,98.7,95.12,96.5,165404880,16054714712.7,,
2016-02-01,96.27,97.49,95.29,96.5,89621070,8635273185.5,,
2016-02-02,95.7,97.07,93.75,94.4,128999060,12264491075.8,,
2016-02-03,93.91,96.89,93.71,94.53,112704620,10773565474.7,,
2016-02-04,98.56,98.56,96.71,97.57,122053010,11909432345.8,,
2016-02-05,97.01,97.98,96.35,97.2,81434160,7915423689.6,,
2016-02-08,97.05,97.86,93.85,94.7,106207300,10166007287.3,,
2016-02-09,94.0,95.63,92.7,93.89,121341460,11439498246.7,,
2016-02-10,93.5,96.77,93.16,96.35,111478160,10568892898.4,,
2016-02-11,95.71,96.1,93.05,94.2,115370090,10879931799.9,,
2016-02-12,95.14,95.67,94.18,94.85,79435870,7535249615.1,,
2016-02-15,96.0,96.37,94.93,95.25,68610990,6577429632.5,,
2016-02-16,95.99,97.28,95.7,96.51,114942500,11083515697.3,,
2016-02-17,96.51,99.38,96.05,99.2,114840150,11240177159.3,,
2016-02-18,99.9,102.8,99.75,102.7,125646250,12732765327.4,,
2016-02-19,101.99,103.57,101.0,101.5,171600390,17517992690.7,,
2016-02-20,101.61,102.6,101.5,102.39,18170020,1856073801.2,,
2016-02-22,102.57,104.39,102.39,103.2,66187510,6848604254.1,,
2016-02-24,102.0,102.7,100.79,102.1,89140580,9065264147.5,,
2016-02-25,102.65,104.35,101.51,104.05,110333690,11403975917.3,,
2016-02-26,105.0,107.15,104.83,106.24,144091540,15295321582.9,,
2016-02-29,105.5,107.38,104.81,107.0,91798290,9760622267.5,,
2016-03-01,107.5,108.79,106.42,108.26,114856490,12378692096.8,,
2016-03-02,109.0,109.2,106.1,106.12,97924080,10513076518.7,,
2016-03-03,106.7,107.63,105.4,106.99,80188360,8550809009.7,,
2016-03-04,107.7,109.02,106.7,108.99,84288020,9097424212.0,,
2016-03-07,109.62,110.2,108.57,109.47,75021080,8213200369.8,,
2016-03-09,108.99,109.07,107.5,108.15,72419980,7832078624.6,,
2016-03-10,108.26,109.9,107.67,108.84,94994800,10361161759.0,,
2016-03-11,109.2,109.95,108.55,109.26,61331210,6706688254.4,,
2016-03-14,109.28,109.56,108.4,109.26,66481000,7248895619.9,,
2016-03-15,109.6,110.29,106.09,106.46,127043830,13731851331.0,,
2016-03-16,107.2,107.27,106.12,107.0,75835060,8097090903.9,,
2016-03-17,107.8,109.49,107.7,109.47,92997390,10123365188.7,,
2016-03-18,109.59,112.5,108.91,112.4,134630750,14983920514.0,,
2016-03-21,111.5,112.92,110.5,112.07,115565250,12891948432.2,,
2016-03-22,112.27,114.19,111.0,111.49,107526080,12081656420.5,,
2016-03-23,111.27,112.1,108.7,109.1,104185740,11471587093.6,,
2016-03-24,108.59,109.29,107.05,108.06,93439810,10092376449.9,,
2016-03-25,108.62,109.5,108.62,109.1,32979670,3598642926.5,,
2016-03-28,110.0,110.11,107.69,108.12,50130410,5444454984.8,,
2016-03-29,107.91,108.44,105.35,107.05,86835580,9252193779.5,,
2016-03-30,107.98,109.91,107.52,109.15,84472720,9179021892.9,,
2016-03-31,108.72,110.59,107.32,109.9,106590120,11622833134.2,,
2016-04-01,109.3,109.4,107.01,108.52,101276220,10954729269.3,,
2016-04-04,108.21,109.69,107.1,108.2,80458170,8742196865.3,,
2016-04-05,107.24,107.64,106.0,106.87,75655980,8076292165.0,,
2016-04-06,107.63,108.3,107.05,108.0,75577530,8134181775.9,,
2016-04-07,108.99,109.38,107.62,108.51,80295520,8710184003.2,,
2016-04-08,108.98,113.3,108.56,112.92,124450440,13825944881.5,,
2016-04-11,113.0,117.85,112.62,117.35,150709430,17458747643.8,,
2016-04-12,117.27,119.39,115.82,117.95,121033520,14222423017.2,,
2016-04-13,118.1,119.95,117.35,119.5,103450650,12284221991.6,,
2016-04-14,119.01,119.55,117.89,119.3,87986340,10448824709.5,,
2016-04-15,118.95,119.91,118.11,119.3,70464930,8389339753.7,,
2016-04-18,117.12,118.2,116.01,118.2,91828010,10752898612.4,,
2016-04-19,118.9,123.35,118.78,121.5,137828350,16735309525.3,,
2016-04-20,120.5,123.97,119.9,123.75,104454360,12741395879.8,,
2016-04-21,124.99,125.55,118.2,119.17,181989880,22131501769.7,,
2016-04-22,119.68,121.39,117.9,121.25,103033620,12356982713.0,,
2016-04-25,121.01,121.51,119.6,120.08,67353690,8108035672.6,,
2016-04-26,119.98,119.98,116.75,119.7,87582980,10367571495.8,,
2016-04-27,120.25,122.37,119.57,120.8,90776270,10991080027.5,,
2016-04-28,121.31,124.39,120.0,124.39,86145270,10556856884.7,,
2016-04-29,124.43,125.78,122.0,123.55,102845000,12763192798.2,,
2016-05-04,121.5,122.39,119.31,120.96,84919830,10235010629.0,,
2016-05-05,121.46,122.3,120.4,120.92,56067230,6802313979.8,,
2016-05-06,120.27,120.86,118.41,120.64,70324510,8411090739.3,,
2016-05-10,119.8,121.35,118.57,119.55,66142640,7919645465.5,,
2016-05-11,120.01,123.62,119.57,123.45,85404520,10423833974.5,,
2016-05-12,123.46,124.38,121.01,121.2,82201850,10080141940.6,,
2016-05-13,121.5,121.95,119.69,121.07,63730840,7703426593.5,,
2016-05-16,122.2,123.62,121.63,122.6,59171910,7262195712.3,,
2016-05-17,122.85,123.27,120.6,122.71,72505100,8835683168.1,,
2016-05-18,122.49,123.54,121.83,123.12,50047460,6142658749.2,,
2016-05-19,121.96,122.17,120.3,120.5,72437040,8790586342.1,,
2016-05-20,121.83,122.47,120.8,121.9,54014280,6571676358.8,,
2016-05-23,121.3,122.2,120.12,121.51,56408970,6825642828.0,,
2016-05-24,121.45,124.07,121.35,123.5,56897490,6987440602.1,,
2016-05-25,124.45,128.55,124.41,127.87,114073670,14479261729.1,,
2016-05-26,128.54,133.05,126.9,132.16,125310740,16357527266.9,,
2016-05-27,131.62,134.79,131.35,133.2,87175150,11592929058.8,,
2016-05-30,133.51,135.08,132.55,134.45,37575080,5029369652.9,,
2016-05-31,134.79,135.98,132.56,132.56,93363020,12553902695.3,,
2016-06-01,132.36,133.21,131.31,131.36,64165110,8482089251.8,,
2016-06-02,131.51,133.08,130.51,132.3,63947300,8414607338.4,,
2016-06-03,133.07,134.44,131.04,131.59,68202630,9033729325.9,,
2016-06-06,132.08,134.74,132.0,133.99,48666040,6514499719.6,,
2016-06-07,134.5,139.97,134.02,139.97,101205300,13958052347.4,,
2016-06-08,141.12,142.0,137.44,139.39,88540950,12361099013.8,,
2016-06-09,139.9,140.71,137.07,139.61,56597300,7862301120.3,,
2016-06-10,137.8,137.94,133.35,133.5,64569430,8751719910.6,,
2016-06-14,131.22,132.37,126.15,127.08,109389570,14046788936.6,,
2016-06-15,126.9,130.23,126.61,129.89,80324940,10369763886.9,,
2016-06-16,129.0,129.24,125.85,127.1,67167630,8520974588.5,,
2016-06-17,128.66,130.75,128.49,128.7,66796670,8666787653.4,,
2016-06-20,132.45,133.48,131.2,132.13,47921580,6355923662.3,,
2016-06-21,132.1,133.43,129.94,133.39,52409310,6908714760.5,,
2016-06-22,134.61,135.79,133.51,134.81,45459110,6122119624.6,,
2016-06-23,134.42,138.28,133.89,138.0,55163860,7546299634.1,,
2016-06-24,131.5,133.5,129.12,133.4,107405790,14149327652.7,,
2016-06-27,133.9,134.83,125.35,126.2,117447730,15219211846.1,,
2016-06-28,127.85,129.71,125.7,129.57,91288180,11699860490.7,,
2016-06-29,130.63,133.95,129.82,133.88,67216180,8882981033.0,,
2016-06-30,133.65,135.34,131.14,133.0,86955520,11562399539.1,,
2016-07-01,133.38,134.34,131.55,133.85,64562290,8586423005.5,,
2016-07-04,134.65,135.84,133.8,134.6,37974790,5119080832.0,,
2016-07-05,133.9,133.9,131.73,131.85,44240960,5853956115.3,,
2016-07-06,131.51,132.04,127.85,129.36,70460970,9124031149.9,,
2016-07-07,130.49,133.5,130.02,131.8,77524920,10222246297.4,,
2016-07-08,130.63,134.49,130.35,134.41,75763390,10043083863.8,,
2016-07-11,134.92,137.77,134.52,137.2,69836360,9533740566.7,,
2016-07-12,137.55,140.47,136.9,140.4,63799710,8882703238.9,,
2016-07-13,140.29,141.35,137.88,139.4,85670010,11936715358.2,,
2016-07-14,140.0,140.65,137.57,140.0,61352910,8548643589.6,,
2016-07-15,139.39,139.74,137.25,138.12,53551790,7409018726.0,,
2016-07-18,138.43,139.93,137.9,139.93,46932760,6530213164.9,,
2016-07-19,139.75,141.1,138.42,139.47,53219980,7434248905.0,,
2016-07-20,139.55,140.0,137.41,138.57,63451000,8794446158.8,,
2016-07-21,139.3,139.85,137.8,138.5,32417720,4499550437.9,,
2016-07-22,137.86,138.87,137.57,137.8,33621130,4645892258.2,,
2016-07-25,138.2,138.66,135.5,136.0,47091610,6428929124.3,,
2016-07-26,136.2,136.7,133.33,135.75,65112170,8772155248.3,,
2016-07-27,136.1,137.6,135.2,136.9,62463270,8528063308.6,,
2016-07-28,137.0,137.34,134.82,136.85,56411550,7686835854.3,,
2016-07-29,136.57,139.81,135.93,139.15,59193890,8166313934.7,,
2016-08-01,140.0,141.21,137.59,138.52,47153870,6565167416.9,,
2016-08-02,138.45,138.6,135.0,135.06,57230140,7808393550.0,,
2016-08-03,134.73,136.2,134.27,135.73,46790060,6328788314.9,,
2016-08-04,136.47,137.6,136.02,137.14,41613130,5698835374.4,,
2016-08-05,137.48,138.89,137.31,138.69,44500460,6151186763.5,,
2016-08-08,139.01,140.1,138.0,139.45,43544440,6061657241.3,,
2016-08-09,139.21,140.25,137.85,139.2,52334380,7283674749.7,,
2016-08-10,139.2,139.8,138.14,138.3,36208220,5032212517.9,,
2016-08-11,138.16,139.74,137.68,139.7,38363080,5325949295.1,,
2016-08-12,140.2,141.39,139.1,139.45,44408570,6222735593.4,,
2016-08-15,140.25,140.49,138.86,139.5,40246250,5623714089.0,,
2016-08-16,139.5,141.08,138.03,138.1,64976850,9059860088.6,,
2016-08-17,138.2,138.8,137.17,138.44,42754590,5908783673.8,,
2016-08-18,138.72,140.14,136.2,137.0,62192110,8579821231.5,,
2016-08-19,137.7,137.7,135.52,135.8,42601100,5799467960.0,,
2016-08-22,135.15,137.47,134.6,137.37,47528400,6466022031.4,,
2016-08-23,137.0,140.48,136.9,140.35,59224560,8229179028.6,,
2016-08-24,139.7,140.5,138.52,139.5,46466330,6481145528.9,,
2016-08-25,139.99,142.9,139.67,142.84,76078810,10719591847.0,,
2016-08-26,143.2,145.6,143.2,145.25,75195700,10863680090.1,,
2016-08-29,144.47,144.47,142.51,143.55,45656960,6536269238.9,,
2016-08-30,143.58,145.3,143.18,143.18,50500270,7287590705.2,,
2016-08-31,143.2,144.05,142.55,143.5,45305830,6488417705.3,,
2016-09-01,143.96,144.78,143.6,144.25,41963100,6053333272.3,,
2016-09-02,144.45,147.09,143.82,146.88,53845560,7841954397.6,,
2016-09-05,147.5,149.6,147.09,149.5,59600300,8877792792.3,,
2016-09-06,149.8,150.81,149.06,150.64,60199870,9039695232.9,,
2016-09-07,150.95,155.03,150.92,154.33,95300490,14653031148.6,,
2016-09-08,155.23,156.25,152.67,153.45,64752830,9978053627.1,,
2016-09-09,152.71,152.84,151.22,151.6,33786550,5133201463.2,,
2016-09-12,149.73,151.69,148.65,151.43,56124240,8434637360.6,,
2016-09-13,151.5,152.1,149.25,149.8,36177590,5435302608.3,,
2016-09-14,149.85,151.55,149.35,150.86,38730080,5826750811.6,,
2016-09-15,150.51,150.78,148.06,149.14,45152290,6731783060.1,,
2016-09-16,149.3,149.68,147.0,147.0,49929080,7409457744.0,,
2016-09-19,148.8,149.91,148.07,148.66,38986370,5808871221.6,,
2016-09-20,148.12,149.4,147.04,149.3,35197210,5213689011.3,,
2016-09-21,149.85,151.54,149.72,150.67,43825610,6611184133.7,,
2016-09-22,152.54,154.5,151.62,154.18,66192510,10131896102.7,,
2016-09-23,153.73,153.76,150.13,151.5,51201870,7765907039.4,,
2016-09-26,149.9,152.45,148.7,149.1,52078570,7818522520.6,,
2016-09-27,149.55,149.69,147.28,147.53,40476550,5998627260.4,,
2016-09-28,148.12,149.34,146.71,147.18,40322000,5973613428.0,,
2016-09-29,150.2,150.88,148.05,148.47,56728010,8485757408.7,,
2016-09-30,147.0,147.0,144.6,145.34,58037520,8455751298.5,,
2016-10-03,146.0,148.87,145.75,148.87,47993880,7090286397.9,,
2016-10-04,149.1,149.12,146.21,148.1,46486550,6865552494.8,,
2016-10-05,148.14,148.4,146.3,147.95,37993810,5601725481.1,,
2016-10-06,148.34,149.69,147.55,148.9,32716690,4866388391.6,,
2016-10-07,149.6,150.5,147.89,148.74,49440170,7380712145.9,,
2016-10-10,149.33,151.3,148.36,151.27,37509660,5631092388.8,,
2016-10-11,150.89,152.44,150.51,151.3,46387240,7032753973.4,,
2016-10-12,151.2,151.59,148.81,149.2,35366250,5305198096.4,,
2016-10-13,148.64,148.65,145.76,146.09,52838360,7760710426.3,,
2016-10-14,146.65,147.96,146.16,146.73,37124120,5459815705.3,,
2016-10-17,146.5,147.13,145.54,146.46,42616240,6234270452.3,,
2016-10-18,147.48,148.44,147.02,147.74,32955000,4870287968.4,,
2016-10-19,148.39,149.2,148.07,148.6,31874420,4738949483.2,,
2016-10-20,148.8,149.0,147.29,148.26,34266570,5082478516.3,,
2016-10-21,148.01,148.84,147.48,148.42,23329810,3456893308.2,,
2016-10-24,149.21,150.45,148.94,149.15,37453910,5608731106.3,,
2016-10-25,149.74,152.23,149.22,151.57,36161040,5466790141.6,,
2016-10-26,151.23,151.7,149.75,150.67,35952060,5414104154.2,,
2016-10-27,150.57,151.62,149.3,149.3,28739200,4326960565.7,,
2016-10-28,149.4,150.08,148.32,149.2,22418130,3343459651.7,,
2016-10-31,148.99,148.99,147.4,147.4,27721920,4100490194.0,,
2016-11-01,147.9,148.98,145.71,145.85,44168710,6501240496.6,,
2016-11-02,144.51,145.64,142.3,142.36,60205670,8644900131.6,,
2016-11-03,142.8,143.66,141.6,142.75,40341340,5753684844.6,,
2016-11-07,143.8,144.88,142.55,143.4,32443490,4665939140.2,,
2016-11-08,144.25,146.33,143.68,146.11,37347690,5425398366.0,,
2016-11-09,143.0,151.35,142.5,151.04,102394650,15190552602.5,,
2016-11-10,151.88,155.57,151.84,153.36,100426420,15449708503.1,,
2016-11-11,153.0,153.68,151.44,151.51,69515020,10594648321.2,,
2016-11-14,152.5,152.85,149.17,150.4,47655170,7182081900.5,,
2016-11-15,151.0,152.37,148.75,149.85,50518750,7601280974.3,,
2016-11-16,150.9,151.88,149.18,149.94,35759620,5386536072.9,,
2016-11-17,149.93,150.95,148.95,149.75,37684570,5651003392.7,,
2016-11-18,149.99,150.84,149.64,150.05,27291020,4100987357.0,,
2016-11-21,150.9,153.25,150.9,153.0,40030400,6102842031.8,,
2016-11-22,153.85,155.68,153.64,155.0,68572050,10616520476.9,,
2016-11-23,155.44,155.44,154.55,155.23,36365060,5636722764.2,,
2016-11-24,155.38,161.2,155.3,161.15,68795980,10912692925.7,,
2016-11-25,161.0,163.42,158.94,160.36,69148720,11120256119.7,,
2016-11-28,160.01,161.12,158.43,159.4,33551380,5354176567.4,,
2016-11-29,158.98,160.7,157.6,158.07,49350470,7827999916.0,,
2016-11-30,158.3,160.13,157.71,158.7,62385780,9909089628.3,,
2016-12-01,159.99,160.0,157.75,158.7,44384190,7053298659.9,,
2016-12-02,158.45,159.94,157.1,159.4,52755790,8365507532.4,,
2016-12-05,158.76,163.23,158.43,162.02,56633080,9139237895.5,,
2016-12-06,161.99,162.94,159.35,159.35,47160440,7601322082.3,,
2016-12-07,159.82,161.0,158.58,159.95,46914440,7502503249.5,,
2016-12-08,160.7,168.98,160.67,168.98,98187850,16224009729.6,,
2016-12-09,169.65,170.87,167.6,169.66,74497920,12605057701.0,,
2016-12-12,172.0,178.93,171.35,175.4,114401460,20082774584.9,,
2016-12-13,175.0,177.48,172.06,176.9,64580090,11293028296.1,,
2016-12-14,177.0,177.87,172.37,173.7,53848710,9373676243.5,,
2016-12-15,171.5,175.39,171.35,174.92,75039220,12988013102.7,,
2016-12-16,175.61,177.04,173.5,173.9,50133300,8766862602.3,,
2016-12-19,174.76,175.55,173.2,174.3,34213020,5976308452.3,,
2016-12-20,174.17,176.86,173.03,175.9,31563470,5532589587.8,,
2016-12-21,176.68,185.34,174.65,174.71,92678660,16487999994.5,,
2016-12-22,174.49,175.35,170.0,170.0,67004190,11520496732.0,,
2016-12-23,169.8,171.76,168.55,171.15,37355710,6360131652.8,,
2016-12-26,171.3,173.2,171.15,171.97,21221200,3658712860.7,,
2016-12-27,172.0,172.7,170.5,172.27,19784040,3402019712.0,,
2016-12-28,173.0,173.63,170.1,170.1,37022030,6363289458.9,,
2016-12-29,170.05,172.22,167.55,171.3,49661210,8429269980.0,,
2016-12-30,171.7,173.25,170.56,173.25,35427000,6088303588.4,,
2017-01-03,173.4,181.68,173.0,180.12,53890400,9609078356.4,,
2017-01-04,178.9,179.41,174.23,175.95,41400710,7305516105.8,,
2017-01-05,176.31,177.28,171.54,171.9,35093040,6109242773.7,,
2017-01-06,172.4,173.75,169.5,170.69,35415590,6065097940.3,,
2017-01-09,171.37,172.39,168.05,168.35,35187380,5977865131.5,,
2017-01-10,168.35,172.3,167.54,171.6,58874120,10071297927.3,,
2017-01-11,171.5,173.05,168.54,169.05,52772790,9012624271.8,,
2017-01-12,170.0,170.65,168.02,168.27,49854940,8442987495.6,,
2017-01-13,168.79,172.39,163.88,164.9,85990570,14304593966.6,,
2017-01-16,165.22,166.8,164.06,164.66,37577470,6218640885.2,,
2017-01-17,164.67,166.47,163.34,165.98,45968310,7583759716.1,,
2017-01-18,165.9,167.8,164.31,165.24,42479900,7051446491.7,,
2017-01-19,165.46,166.99,164.69,166.3,38478840,6375017242.4,,
2017-01-20,166.55,168.19,165.42,167.49,32581460,5439248605.5,,
2017-01-23,167.33,167.33,164.53,166.75,36457470,6047501657.5,,
2017-01-24,167.37,170.7,167.24,170.25,45397860,7685357888.0,,
2017-01-25,170.5,171.3,169.5,170.26,42543080,7244601704.1,,
2017-01-26,170.85,174.39,169.06,173.79,56105000,9680053074.7,,
2017-01-27,173.89,178.92,173.0,178.92,71123150,12474937132.1,,
2017-01-30,177.5,178.0,174.24,174.6,45935720,8087212526.2,,
2017-01-31,174.37,175.27,172.07,172.2,46486680,8049700034.0,,
2017-02-01,172.59,174.27,171.75,173.9,42252780,7317581391.2,,
2017-02-02,173.94,174.69,171.95,172.83,31064430,5380063370.9,,
2017-02-03,173.03,174.19,172.27,173.8,34744860,6026290634.9,,
2017-02-06,174.71,174.98,172.22,172.87,33943730,5881045286.4,,
2017-02-07,173.0,174.18,171.51,173.47,33506000,5795780887.6,,
2017-02-08,173.2,173.2,170.77,171.2,33314310,5719832547.9,,
2017-02-09,171.91,172.67,167.84,168.8,48730500,8265496689.9,,
2017-02-10,169.05,170.45,165.4,165.5,59337100,9906222029.1,,
2017-02-13,166.05,167.05,163.5,164.7,53028170,8747119742.3,,
2017-02-14,164.99,165.14,162.01,162.7,54466800,8876852540.2,,
2017-02-15,162.27,165.57,160.0,163.5,68808530,11242527834.7,,
2017-02-16,164.4,166.5,162.21,166.49,44328980,7301058057.2,,
2017-02-17,166.48,167.12,164.42,165.49,32616900,5402840339.5,,
2017-02-20,166.4,166.69,163.93,165.44,26986270,4461326090.5,,
2017-02-21,165.11,168.38,164.8,167.0,39649880,6625621596.3,,
2017-02-22,167.5,168.3,164.35,165.9,40662980,6767903223.5,,
2017-02-24,166.53,168.02,165.03,165.51,29704800,4941136901.3,,
2017-02-27,166.01,166.34,160.62,160.95,41947190,6832437625.0,,
2017-02-28,161.05,161.19,155.7,156.0,67919290,10715464371.7,,
2017-03-01,155.65,160.92,155.65,160.0,62258970,9933849228.5,,
2017-03-02,161.39,164.3,160.33,163.4,65453580,10627718572.8,,
2017-03-03,162.95,164.89,161.61,164.4,38242710,6251135565.2,,
2017-03-06,164.5,165.99,162.0,162.0,36845090,6051572005.1,,
2017-03-07,162.41,162.41,158.9,160.98,44866990,7207037205.9,,
2017-03-09,159.22,160.84,155.23,156.2,63696720,10053776691.9,,
2017-03-10,157.32,159.4,155.55,157.5,51296630,8097090719.7,,
2017-03-13,157.49,159.87,155.86,158.92,34087370,5408217253.6,,
2017-03-14,159.5,160.75,157.02,157.42,59200290,9425744051.6,,
2017-03-15,158.05,159.67,156.06,156.2,48858400,7697717656.1,,
2017-03-16,157.82,159.85,157.82,158.35,68322520,10847183757.8,,
2017-03-17,158.55,162.85,158.17,161.15,65470090,10530193716.3,,
2017-03-20,161.57,164.05,160.61,163.8,41497240,6756721100.8,,
2017-03-21,164.5,165.49,162.25,162.98,39831880,6540331822.4,,
2017-03-22,162.01,162.92,159.75,162.92,40877170,6586523211.4,,
2017-03-23,163.5,164.84,162.1,164.15,38722220,6332000331.6,,
2017-03-24,164.0,165.9,163.07,164.52,33041260,5442276482.8,,
2017-03-27,163.03,163.37,161.1,162.69,35418700,5747342963.7,,
2017-03-28,163.5,164.1,162.05,163.66,30489200,4971819967.0,,
2017-03-29,164.0,164.9,162.37,163.22,26160370,4275633841.6,,
2017-03-30,163.32,164.1,161.9,163.5,24410850,3981999668.3,,
2017-03-31,163.4,163.7,159.51,159.8,31639970,5094871408.6,,
2017-04-03,160.77,162.94,159.84,161.8,32726400,5287146510.1,,
2017-04-04,161.37,163.95,160.7,163.5,23333230,3789024448.8,,
2017-04-05,164.33,168.45,163.82,168.1,57753380,9623815655.2,,
2017-04-06,167.54,168.19,166.41,167.49,24422020,4090698387.9,,
2017-04-07,166.12,166.84,160.71,161.49,59739010,9744745429.1,,
2017-04-10,161.0,161.39,154.51,155.2,73718410,11548278934.7,,
2017-04-11,155.2,158.59,154.61,156.0,53342100,8379332854.4,,
2017-04-12,157.0,157.44,150.28,150.28,53279800,8168758811.2,,
2017-04-13,151.57,153.35,149.7,152.0,70013640,10616261149.1,,
2017-04-14,150.42,152.25,148.6,149.24,25092420,3772556350.9,,
2017-04-17,149.44,154.2,147.62,153.99,48418090,7312223641.2,,
2017-04-18,154.44,155.59,152.15,153.4,60882590,9373104156.1,,
2017-04-19,153.18,155.38,152.36,153.6,38955390,6006368511.9,,
2017-04-20,153.0,158.4,152.26,158.21,64127430,9967956368.9,,
2017-04-21,158.74,160.3,157.8,159.59,57187090,9113848242.0,,
2017-04-24,161.09,163.43,161.0,162.5,48021380,7795803533.7,,
2017-04-25,163.0,163.53,161.31,162.55,40534410,6588171646.1,,
2017-04-26,163.08,165.8,161.7,165.05,49259630,8068611971.9,,
2017-04-27,164.99,165.79,163.27,164.69,43712420,7193390744.4,,
2017-04-28,165.5,166.0,163.91,165.2,40999710,6771043231.3,,
2017-05-02,166.0,168.34,165.01,166.64,42498180,7109603271.5,,
2017-05-03,166.3,166.5,163.63,164.71,33570350,5532940128.1,,
2017-05-04,164.62,167.4,163.78,165.5,37623080,6238052591.8,,
2017-05-05,164.22,166.6,164.0,165.8,35495540,5861269525.6,,
2017-05-10,167.0,170.8,166.41,170.8,46474510,7853777784.0,,
2017-05-11,171.0,172.39,168.84,169.97,56593530,9667508132.2,,
2017-05-12,169.75,170.43,166.85,167.7,37355540,6286902322.8,,
2017-05-15,168.5,171.68,167.89,171.35,47099400,8000111823.7,,
2017-05-16,170.97,172.0,169.98,170.66,37205990,6359705115.8,,
2017-05-17,169.8,170.63,168.17,169.24,35218260,5972642510.9,,
2017-05-18,168.41,169.17,164.7,166.5,57482410,9558033922.9,,
2017-05-19,167.48,170.08,165.71,168.87,36552330,6132186211.4,,
2017-05-22,170.5,170.5,167.14,168.03,29679120,5002659619.9,,
2017-05-23,167.87,168.3,165.4,166.31,39501140,6593755611.6,,
2017-05-24,166.8,168.48,162.51,165.7,46891970,7755908057.5,,
2017-05-25,166.5,166.95,163.53,164.05,34373440,5674501383.3,,
2017-05-26,163.8,163.8,160.62,160.7,46062750,7439429996.2,,
2017-05-29,161.0,164.22,160.69,163.9,28741460,4678437609.3,,
2017-05-30,163.15,163.45,161.17,161.64,22672890,3676741724.7,,
2017-05-31,161.6,161.6,155.03,155.93,74365770,11701550678.4,,
2017-06-01,156.4,156.76,152.72,153.0,50590080,7814012596.7,,
2017-06-02,153.0,157.14,151.62,157.14,65420920,10112574850.5,,
2017-06-05,157.1,158.89,154.43,154.7,48595070,7623722591.3,,
2017-06-06,154.49,156.0,152.11,152.8,34673910,5331165014.9,,
2017-06-07,153.3,155.11,151.75,152.82,43663590,6710167151.8,,
2017-06-08,153.16,153.43,148.25,151.93,67991950,10234476574.8,,
2017-06-09,151.41,153.75,150.12,150.13,45312560,6868686564.2,,
2017-06-13,145.35,147.3,145.0,146.0,53389650,7800680365.8,,
2017-06-14,145.65,145.65,142.81,143.0,58225630,8399759584.7,,
2017-06-15,141.94,142.21,136.2,139.0,183326250,25298287188.4,,
2017-06-16,139.65,142.8,139.02,141.63,79690200,11234952215.4,,
2017-06-19,142.5,145.15,141.8,145.0,55251940,7954274311.3,,
2017-06-20,145.2,147.1,143.5,144.9,58990950,8611404258.6,,
2017-06-21,144.16,144.99,142.77,143.49,48036300,6907295034.7,,
2017-06-22,142.39,145.69,141.78,144.25,54360770,7843783759.4,,
2017-06-23,144.4,146.0,143.62,144.1,42333900,6126589053.9,,
2017-06-26,144.85,146.49,143.81,144.49,46189970,6705611153.0,,
2017-06-27,144.05,147.2,143.4,147.1,51070850,7436593075.2,,
2017-06-28,146.2,146.45,144.71,145.5,45975150,6695923001.6,,
2017-06-29,146.51,146.83,143.2,143.8,48806780,7089870660.9,,
2017-06-30,143.2,146.73,142.88,145.59,67210520,9782692507.9,,
2017-07-03,146.65,148.3,146.22,147.5,38410910,5655804978.8,,
2017-07-04,147.5,149.8,147.11,149.39,40165050,5979632355.9,,
2017-07-05,149.39,149.79,147.89,148.96,48191260,7176145870.6,,
2017-07-06,149.2,151.03,148.9,150.35,51568300,7747127175.5,,
2017-07-07,149.65,152.5,149.06,152.16,57150370,8634577444.2,,
2017-07-10,152.48,155.34,152.36,155.0,63627110,9810656700.2,,
2017-07-11,155.55,157.0,154.95,156.91,57224430,8930678023.5,,
2017-07-12,157.53,160.99,157.5,160.85,70426950,11246061319.3,,
2017-07-13,161.46,162.62,158.34,159.94,71818670,11501665989.3,,
2017-07-14,159.9,162.26,159.43,161.4,43599590,7029017854.2,,
2017-07-17,161.8,163.1,159.82,161.98,40217710,6484399938.7,,
2017-07-18,162.0,162.99,160.88,161.7,36470090,5899017037.7,,
2017-07-19,161.3,164.34,160.53,164.34,56474420,9184589048.0,,
2017-07-20,164.06,164.91,163.47,163.93,41944460,6885473178.6,,
2017-07-21,163.99,163.99,161.72,162.1,35022910,5698252930.7,,
2017-07-24,161.21,162.33,158.6,161.33,57495790,9238717282.1,,
2017-07-25,161.66,162.3,159.92,160.22,43210700,6948155291.2,,
2017-07-26,160.71,162.31,160.12,161.55,42613080,6873477732.4,,
2017-07-27,162.41,166.0,162.4,166.0,55346350,9084783029.6,,
2017-07-28,165.37,165.75,163.15,165.4,50132670,8239426338.6,,
2017-07-31,165.53,167.35,163.88,164.53,55781520,9216446332.4,,
2017-08-01,165.5,168.0,165.3,166.31,55355180,9250912286.6,,
2017-08-02,166.6,169.94,166.54,169.9,55341010,9333571917.6,,
2017-08-03,170.0,170.98,169.17,170.0,56318760,9574768188.3,,
2017-08-04,169.49,170.0,168.6,169.73,27204000,4613134895.7,,
2017-08-07,170.47,172.95,170.38,172.79,35533610,6110748025.5,,
2017-08-08,173.0,175.88,172.66,175.75,50529650,8806524274.8,,
2017-08-09,174.8,175.2,172.8,173.4,49021230,8522505060.2,,
2017-08-10,173.75,174.16,172.01,172.2,30020500,5194393409.9,,
2017-08-11,171.26,172.49,168.64,172.05,60812390,10364213054.1,,
2017-08-14,173.0,173.77,171.37,172.51,30902070,5339481719.5,,
2017-08-15,172.31,172.72,170.46,172.33,30384890,5211983477.8,,
2017-08-16,172.95,175.3,172.83,173.05,41837570,7287122720.5,,
2017-08-17,172.5,173.99,172.27,172.72,26052310,4513165987.6,,
2017-08-18,171.71,171.71,168.13,169.5,52379100,8890463726.8,,
2017-08-21,169.77,170.69,168.5,169.9,36731730,6238468270.8,,
2017-08-22,171.2,171.7,169.7,171.0,37858620,6465128071.4,,
2017-08-23,171.0,175.3,170.98,175.3,55467190,9627578520.5,,
2017-08-24,175.5,179.94,175.3,179.8,78590210,14044293824.0,,
2017-08-25,180.85,182.25,179.6,180.51,68786620,12440671465.5,,
2017-08-28,180.6,181.85,179.2,181.85,27960960,5055616286.3,,
2017-08-29,182.0,182.0,179.51,181.89,46130680,8319540730.1,,
2017-08-30,182.5,184.48,180.85,183.5,48548970,8882331416.9,,
2017-08-31,182.99,186.33,181.71,183.51,64267180,11869911146.0,,
2017-09-01,183.85,185.33,182.02,183.66,34360100,6320541804.0,,
2017-09-04,181.51,185.27,180.93,184.1,25717510,4711229335.5,,
2017-09-05,184.39,185.59,183.33,184.14,34342180,6327488789.8,,
2017-09-06,183.25,183.73,181.47,183.12,33518200,6113254317.9,,
2017-09-07,183.47,185.25,183.32,184.0,45668560,8419722993.1,,
2017-09-08,184.1,187.43,183.77,185.89,60690500,11256739559.0,,
2017-09-11,186.7,191.3,186.51,190.5,61682280,11688734683.6,,
2017-09-12,191.03,192.31,188.14,189.32,50535740,9573649158.0,,
2017-09-13,189.32,190.95,188.4,189.1,47811940,9062166438.5,,
2017-09-14,189.0,189.39,186.0,188.64,38052220,7136047587.4,,
2017-09-15,188.73,189.3,186.72,188.75,44784370,8426981292.5,,
2017-09-18,189.56,190.37,187.31,188.04,29580440,5576643004.0,,
2017-09-19,187.68,187.72,184.55,184.85,41401170,7684352559.8,,
2017-09-20,184.5,186.47,182.65,186.47,50034550,9221486589.1,,
2017-09-21,186.4,188.37,183.8,187.38,41621350,7749064795.6,,
2017-09-22,187.35,188.77,186.77,187.55,37307660,7011588236.0,,
2017-09-25,187.37,191.38,186.37,191.2,64177070,12166229937.5,,
2017-09-26,191.56,195.0,191.54,192.54,82080300,15914348284.3,,
2017-09-27,192.94,194.29,191.2,193.7,55030940,10618991613.5,,
2017-09-28,193.68,194.3,191.53,191.96,39113080,7542998039.0,,
2017-09-29,192.0,192.94,190.8,192.33,26325570,5060521165.2,,
2017-10-02,192.76,194.1,191.1,193.0,35954810,6933205489.9,,
2017-10-03,193.28,193.87,192.13,192.5,28657490,5533682367.3,,
2017-10-04,192.49,192.59,191.22,192.03,26536580,5091932728.1,,
2017-10-05,192.0,193.93,189.06,193.74,49466550,9467430262.4,,
2017-10-06,194.3,196.42,193.67,194.16,52399740,10227435466.8,,
2017-10-09,194.2,194.9,192.58,194.0,27756660,5373260236.2,,
2017-10-10,194.3,194.45,192.95,193.21,17832400,3453485572.4,,
2017-10-11,193.95,196.75,193.56,195.83,58002000,11337850688.3,,
2017-10-12,195.85,196.75,194.95,195.51,34969250,6850694986.5,,
2017-10-13,195.62,197.29,195.2,196.48,30338910,5962001329.7,,
2017-10-16,197.53,198.52,196.7,197.7,26979280,5333954891.7,,
2017-10-17,197.3,198.0,196.07,197.2,26239760,5170771493.8,,
2017-10-18,197.5,197.89,194.01,195.31,43547040,8523636778.7,,
2017-10-19,195.26,195.69,191.81,192.2,40359720,7802313456.9,,
2017-10-20,193.6,194.14,192.23,192.97,29002730,5602132932.1,,
2017-10-23,193.41,193.64,190.82,192.34,26949880,5174666170.8,,
2017-10-24,191.64,192.92,190.13,192.5,28262140,5416523676.0,,
2017-10-25,193.0,194.37,192.04,192.04,32303420,6243911711.2,,
2017-10-26,192.65,193.5,190.72,192.75,25634660,4929054253.0,,
2017-10-27,193.53,196.18,192.87,196.05,46796590,9095128102.3,,
2017-10-30,196.32,197.7,195.0,195.0,31936710,6277844957.2,,
2017-10-31,194.81,196.36,193.8,193.8,25643690,5001491660.8,,
2017-11-01,194.49,197.05,193.33,194.05,40292630,7883144194.5,,
2017-11-02,193.78,195.12,192.38,193.85,33747050,6542124745.6,,
2017-11-03,194.77,195.75,193.2,193.8,30615880,5948715074.4,,
2017-11-07,196.5,206.7,195.56,205.96,135174410,27335227905.6,,
2017-11-08,205.95,211.77,204.06,209.09,88294790,18463478162.5,,
2017-11-09,209.51,221.5,209.12,220.05,116648980,25131078100.0,,
2017-11-10,221.0,229.4,216.61,217.7,143570000,31904349106.4,,
2017-11-13,217.7,223.99,215.78,216.61,50943980,11138678402.6,,
2017-11-14,216.5,222.2,215.96,221.4,45905390,10103261935.0,,
2017-11-15,222.5,227.75,221.54,225.95,72212510,16229168442.8,,
2017-11-16,227.79,228.58,219.09,227.5,85863110,19176265125.3,,
2017-11-17,227.9,228.0,224.1,225.65,37958790,8573514177.6,,
2017-11-20,225.7,225.97,223.16,224.6,18853280,4231160320.3,,
2017-11-21,225.5,232.99,224.07,231.0,77573460,17837960781.3,,
2017-11-22,231.89,233.95,228.38,230.25,45932160,10595939291.9,,
2017-11-23,230.26,230.99,225.06,225.56,41140440,9330357961.4,,
2017-11-24,225.4,228.0,222.15,228.0,44277250,9997172091.8,,
2017-11-27,228.4,229.04,225.0,226.76,24026270,5436342465.1,,
2017-11-28,221.0,230.0,221.0,230.0,40901370,9262559734.9,,
2017-11-29,230.1,231.5,226.7,228.2,34340960,7856818233.2,,
2017-11-30,228.0,228.92,222.35,224.35,46122870,10404361757.6,,
2017-12-01,224.5,225.76,220.76,221.5,39983910,8919211002.8,,
2017-12-04,222.0,226.0,219.55,224.6,45155240,10084238647.7,,
2017-12-05,224.0,224.55,222.0,223.91,27885630,6225542245.0,,
2017-12-06,222.65,224.9,221.57,223.75,23136530,5176844772.0,,
2017-12-07,223.83,224.79,219.23,219.81,38228880,8479226905.0,,
2017-12-08,219.9,223.0,219.61,220.89,28324950,6278494763.3,,
2017-12-11,221.4,227.69,221.1,227.69,34539660,7755866513.4,,
2017-12-12,229.0,230.5,226.11,227.9,39739590,9044519248.3,,
2017-12-13,227.3,228.33,220.54,221.8,61576220,13761226490.9,,
2017-12-14,222.11,229.9,221.1,229.9,55632890,12545681252.0,,
2017-12-15,228.9,229.79,225.57,226.53,42529200,9655337244.7,,
2017-12-18,227.49,228.9,225.7,227.4,24519570,5575586274.9,,
2017-12-19,227.99,228.5,223.5,224.1,34991830,7890943719.4,,
2017-12-20,224.28,226.68,222.7,226.0,34199080,7701499395.7,,
2017-12-21,226.46,227.39,222.35,223.6,34750260,7806001248.3,,
2017-12-22,223.68,224.64,221.12,221.44,21524310,4796035917.1,,
2017-12-25,222.22,223.9,221.65,223.3,11183210,2494220546.4,,
2017-12-26,223.9,223.98,221.0,223.57,12303590,2738568877.0,,
2017-12-27,224.01,227.2,223.1,226.98,30101220,6777830976.7,,
2017-12-28,226.9,227.17,223.0,224.2,24078940,5412389520.1,,
2017-12-29,224.12,226.2,223.27,225.2,18919860,4258427864.1,,
2018-01-03,226.88,232.7,226.35,231.9,34549620,7965492945.5,,
2018-01-04,232.13,239.5,231.0,238.8,53598520,12636680510.3,,
2018-01-05,238.89,239.95,236.7,238.6,31579190,7522344750.8,,
2018-01-09,239.03,243.76,239.01,240.4,53172330,12838380465.3,,
2018-01-10,240.4,241.25,237.06,237.76,39371720,9385276735.3,,
2018-01-11,237.76,240.88,235.21,239.0,43067630,10274507103.4,,
2018-01-12,238.92,239.0,236.05,237.75,30895860,7339741596.7,,
2018-01-15,239.0,240.97,238.0,238.85,25681720,6151337444.2,,
2018-01-16,239.01,240.0,236.01,239.64,25475380,6069314437.4,,
2018-01-17,238.62,239.82,236.53,239.82,30522070,7276929107.2,,
2018-01-18,240.5,246.69,240.0,245.5,64156650,15651374942.1,,
2018-01-19,245.15,245.98,240.68,242.45,38996990,9462424478.8,,
2018-01-22,242.97,244.89,241.41,243.99,25098970,6102771561.7,,
2018-01-23,244.77,246.25,241.67,244.4,43978210,10724474488.7,,
2018-01-24,244.2,247.53,242.32,247.53,31180190,7647834295.8,,
2018-01-25,247.9,251.65,247.58,250.64,54995210,13740592645.9,,
2018-01-26,249.3,251.23,245.93,247.0,35231900,8754426151.2,,
2018-01-29,247.5,250.79,246.0,250.48,49186400,12259122499.7,,
2018-01-30,248.53,258.96,247.91,257.8,65622240,16754724883.5,,
2018-01-31,257.5,264.79,255.7,264.5,63707920,16694138298.3,,
2018-02-01,265.0,270.3,260.6,263.2,73041240,19395482749.2,,
2018-02-02,263.69,264.83,256.2,257.32,64657160,16805694656.1,,
2018-02-05,254.85,258.29,252.6,255.64,45926950,11768053139.0,,
2018-02-06,250.0,262.55,248.1,258.94,85982110,21953001683.1,,
2018-02-07,263.9,264.37,256.26,257.58,53641050,13917928181.3,,
2018-02-08,256.4,259.76,253.19,253.19,37198300,9527070895.6,,
2018-02-09,249.03,252.89,244.13,250.11,81984710,20370941955.7,,
2018-02-12,253.0,256.36,251.67,255.05,41817940,10645020978.5,,
2018-02-13,255.87,258.62,254.7,258.3,43733360,11238470863.2,,
2018-02-14,259.07,263.37,257.26,262.03,60442410,15763726021.8,,
2018-02-15,267.53,268.77,264.0,264.58,60907490,16211373017.0,,
2018-02-16,265.97,267.97,263.11,266.99,51931210,13788133927.1,,
2018-02-19,267.0,270.0,265.3,266.85,24171390,6458738857.4,,
2018-02-20,266.85,267.8,264.72,267.22,24750090,6594929915.5,,
2018-02-21,266.05,279.2,266.05,279.2,70374070,19223116848.6,,
2018-02-22,277.99,279.5,275.52,277.49,50751740,14071809466.0,,
2018-02-26,279.0,285.0,278.59,279.97,67733260,19103957521.4,,
2018-02-27,280.82,280.99,276.61,278.21,40006960,11149945984.2,,
2018-02-28,276.0,277.41,272.0,272.4,53012950,14554640001.7,,
2018-03-01,270.98,277.0,270.9,275.0,38979860,10691698615.5,,
2018-03-02,274.4,275.5,268.56,273.0,46027880,12489442956.1,,
2018-03-05,273.7,278.84,273.5,277.0,34109000,9442568170.3,,
2018-03-06,278.5,281.5,274.03,274.03,40605460,11265464852.1,,
2018-03-07,272.99,276.72,270.15,274.0,49998920,13634404795.2,,
2018-03-09,274.55,275.48,270.61,274.6,26351860,7181079006.5,,
2018-03-12,276.05,277.3,273.55,274.3,23710370,6526543548.9,,
2018-03-13,274.0,275.93,272.66,273.95,34643840,9496963452.9,,
2018-03-14,273.0,273.4,262.11,262.5,61779660,16544068953.4,,
2018-03-15,263.0,264.61,253.29,254.51,78054390,20242222423.6,,
2018-03-16,255.29,257.98,249.76,256.15,91870960,23374275592.7,,
2018-03-19,257.8,259.81,250.01,255.0,42502100,10847095189.2,,
2018-03-20,255.98,257.34,250.4,257.15,62966810,15999128102.2,,
2018-03-21,258.0,270.0,257.23,268.88,69909930,18522801736.3,,
2018-03-22,269.97,271.8,264.1,265.5,55550150,14868236050.4,,
2018-03-23,259.02,264.25,259.02,262.0,46285060,12131991833.5,,
2018-03-26,262.0,264.87,255.0,255.0,56903720,14801208311.8,,
2018-03-27,256.99,258.43,252.27,258.0,45163380,11573145804.9,,
2018-03-28,255.5,256.12,250.75,251.5,43754240,11059600247.6,,
2018-03-29,252.12,255.6,252.12,252.9,33625120,8537556290.3,,
2018-03-30,254.0,254.49,252.8,253.57,10912160,2769490405.2,,
2018-04-02,253.58,258.34,249.99,249.99,35436630,9030804058.1,,
2018-04-03,250.01,251.93,245.38,251.6,63806710,15893637625.9,,
2018-04-04,252.21,255.77,249.09,255.69,52051840,13132589219.5,,
2018-04-05,257.25,262.89,255.92,262.0,52779220,13715850969.4,,
2018-04-06,260.64,262.32,256.01,256.76,40256090,10442622618.6,,
2018-04-09,255.05,255.3,205.0,213.0,250018990,56367801633.7,,
2018-04-10,211.24,224.47,197.0,214.8,253346870,53263816178.4,,
2018-04-11,214.0,223.6,204.24,208.0,185659760,39537872546.91,,
2018-04-12,214.55,218.39,208.5,212.21,126954920,27108143591.5,,
2018-04-13,213.37,216.7,203.14,204.7,106926900,22455471964.5,,
2018-04-16,199.36,208.0,191.5,192.06,199704860,39538854703.2,,
2018-04-17,203.02,207.87,200.0,207.5,169904570,34626781541.2,,
2018-04-18,209.0,219.93,208.25,215.87,174039490,37412604604.2,,
2018-04-19,217.34,222.22,212.0,213.45,133533840,29060746448.2,,
2018-04-20,214.0,216.27,212.13,215.36,57871710,12403515337.1,,
2018-04-23,216.48,223.5,213.22,223.25,116947630,25595003152.1,,
2018-04-24,225.9,228.43,221.3,223.0,83961110,18905942308.9,,
2018-04-25,220.15,223.78,218.2,220.45,69675890,15380847119.1,,
2018-04-26,221.57,222.59,216.0,220.7,73277610,16070884559.3,,
2018-04-27,221.36,224.43,217.62,223.91,81940000,18162835383.4,,
2018-04-28,224.4,224.99,222.4,224.8,10314450,2307677737.1,,
2018-04-30,224.5,228.2,221.58,226.99,39358910,8865824262.0,,
2018-05-02,224.22,230.0,224.02,229.02,40017840,9102861491.9,,
2018-05-03,228.4,232.74,227.5,228.03,79625270,18372579814.6,,
2018-05-04,229.58,230.94,225.7,228.55,48163140,10993598018.3,,
2018-05-07,230.17,232.18,229.06,229.86,37271570,8597499600.1,,
2018-05-08,227.79,228.48,224.5,226.7,55972540,12674910859.6,,
2018-05-10,228.5,234.14,228.37,233.7,72199030,16721207227.5,,
2018-05-11,234.35,237.95,233.74,235.72,55080740,13007734693.5,,
2018-05-14,236.21,237.8,234.03,237.8,34774680,8203151990.1,,
2018-05-15,237.5,237.5,230.4,231.39,53009530,12376593219.3,,
2018-05-16,230.88,232.0,226.7,229.8,70162450,16095019363.6,,
2018-05-17,230.01,231.25,226.05,226.05,43455710,9918244022.6,,
2018-05-18,225.7,228.16,222.2,222.2,60330030,13600146228.6,,
2018-05-21,223.79,226.8,223.55,226.21,38991090,8784476449.5,,
2018-05-22,227.27,227.27,222.95,225.6,43268320,9754702136.8,,
2018-05-23,223.11,224.07,221.0,221.0,48854650,10855542413.4,,
2018-05-24,221.91,223.7,221.12,222.01,37214260,8267685632.3,,
2018-05-25,222.51,223.48,219.0,220.0,50137840,11082473200.7,,
2018-05-28,219.47,221.5,219.2,220.9,23187310,5113158836.1,,
2018-05-29,220.5,222.13,217.1,219.0,35940720,7867194173.0,,
2018-05-30,219.3,221.55,217.88,221.01,48626980,10697722207.6,,
2018-05-31,221.98,224.35,220.0,222.36,67415130,14989081289.6,,
2018-06-01,221.5,222.77,220.0,220.0,35532280,7848174673.3,,
2018-06-04,221.13,222.67,218.57,220.0,32256200,7117569831.1,,
2018-06-05,220.0,220.79,214.51,215.56,51368750,11171799385.9,,
2018-06-06,216.0,218.19,214.65,217.9,35857770,7767477577.0,,
2018-06-07,218.94,219.45,216.41,216.41,32483420,7089408354.8,,
2018-06-08,216.0,217.0,210.25,210.95,67632240,14448389955.6,,
2018-06-09,211.5,213.27,211.5,212.6,6508460,1383573525.6,,
2018-06-11,212.5,213.61,208.33,210.35,28263970,5959527279.0,,
2018-06-13,211.23,216.13,209.63,215.0,48675610,10377946438.5,,
2018-06-14,214.82,217.49,213.6,214.0,42732410,9206055870.5,,
2018-06-15,213.9,215.0,207.9,209.36,86209880,18119021697.3,,
2018-06-18,209.0,211.2,205.01,206.3,54276700,11281089544.1,,
2018-06-19,204.0,206.77,202.11,206.0,51734620,10546994272.9,,
2018-06-20,207.0,212.37,207.0,212.2,60991640,12856341206.2,,
2018-06-21,212.25,214.16,208.62,210.4,65102970,13757767116.0,,
2018-06-22,211.62,215.0,209.62,214.43,67568430,14362327011.3,,
2018-06-25,204.5,206.94,202.51,202.51,56516980,11560070651.5,,
2018-06-26,203.64,205.0,199.6,199.91,54747990,11019915597.7,,
2018-06-27,201.85,209.33,198.55,207.95,81134770,16591642196.8,,
2018-06-28,207.85,210.63,207.01,208.5,46877330,9801017784.2,,
2018-06-29,210.1,218.3,210.09,218.0,76707660,16514311408.9,,
2018-07-02,217.01,222.83,216.0,221.01,55213130,12152067497.8,,
2018-07-03,221.01,222.45,217.1,218.45,38401730,8426922399.4,,
2018-07-04,218.23,219.56,216.61,217.7,20277940,4421169044.0,,
2018-07-05,217.5,224.54,216.85,224.54,53737300,11927171467.9,,
2018-07-06,225.01,227.59,221.61,226.71,55247910,12416711754.1,,
2018-07-09,228.5,231.24,228.2,230.0,50069820,11513207998.0,,
2018-07-10,230.95,232.25,228.0,230.3,43340410,9974921055.3,,
2018-07-11,229.2,229.2,224.8,227.57,58161000,13187757321.9,,
2018-07-12,226.76,228.45,225.1,226.6,40488130,9180986134.9,,
2018-07-13,227.3,230.86,227.22,229.85,39651270,9081249005.9,,
2018-07-16,230.1,231.0,226.42,227.99,35579630,8145377907.2,,
2018-07-17,227.0,227.0,220.52,222.5,62586090,13946206433.7,,
2018-07-18,222.0,224.0,215.64,216.28,61197290,13395859259.5,,
2018-07-19,216.9,217.11,206.56,207.5,93333130,19642138459.1,,
2018-07-20,207.77,210.95,201.1,204.34,126702190,26069626365.4,,
2018-07-23,205.4,210.4,205.25,208.42,55275810,11542249816.0,,
2018-07-24,209.0,215.45,208.92,215.45,54142290,11520923113.7,,
2018-07-25,211.0,215.45,208.34,213.7,76868200,16305810193.2,,
2018-07-26,215.7,216.51,209.11,210.0,59754670,12669519530.3,,
2018-07-27,210.0,211.22,205.58,208.9,58628430,12215218671.4,,
2018-07-30,207.77,212.49,206.56,211.33,48372730,10183314051.5,,
2018-07-31,211.09,214.94,210.24,214.86,45260950,9645869387.4,,
2018-08-01,213.5,215.2,210.57,210.6,37666650,8003945324.7,,
2018-08-02,208.54,211.72,205.13,206.6,58115220,12096301708.0,,
2018-08-03,206.49,206.55,202.0,202.21,74165120,15078114121.4,,
2018-08-06,201.8,205.2,199.57,203.9,52730870,10713771392.2,,
2018-08-07,205.19,207.95,201.55,201.79,60553370,12415871976.1,,
2018-08-08,201.53,202.45,191.51,193.2,142075030,27790876784.1,,
2018-08-09,189.99,195.9,182.06,195.9,160336490,30284614702.7,,
2018-08-10,194.0,196.85,183.01,186.15,113592570,21618274957.1,,
2018-08-13,182.05,193.39,180.15,190.0,106701070,20128588961.3,,
2018-08-14,192.98,195.98,188.2,192.76,82753490,15858852181.8,,
2018-08-15,192.35,194.0,186.53,187.98,77725280,14725840102.6,,
2018-08-16,189.0,192.28,188.22,191.6,54684020,10404303397.5,,
2018-08-17,191.83,192.43,188.59,189.55,45242690,8610449552.0,,
2018-08-20,190.99,193.99,190.64,191.2,49443050,9500055126.9,,
2018-08-21,192.0,192.34,189.55,191.8,40349600,7701782573.9,,
2018-08-22,192.43,193.69,187.56,187.8,66396800,12651411162.5,,
2018-08-23,188.44,189.06,178.55,178.71,147648980,27065677929.2,,
2018-08-24,178.0,180.39,172.8,180.39,133262230,23457535153.0,,
2018-08-27,181.47,183.83,180.52,183.27,51721470,9436364424.6,,
2018-08-28,183.35,184.64,181.22,182.0,49610370,9080653589.9,,
2018-08-29,182.77,183.85,181.31,183.5,39285100,7182618810.7,,
2018-08-30,184.61,185.57,177.25,178.0,66285490,12019920144.6,,
2018-08-31,177.61,182.0,175.61,182.0,63814120,11442463693.3,,
2018-09-03,181.72,182.87,180.15,181.21,31275240,5674285972.0,,
2018-09-04,182.0,182.49,177.71,179.5,56794110,10220677869.6,,
2018-09-05,178.5,181.25,178.28,178.46,44505050,7999914277.0,,
2018-09-06,177.25,180.18,175.0,175.0,49419910,8793444616.0,,
2018-09-07,175.47,177.45,173.85,174.9,68532820,12023114397.0,,
2018-09-10,175.03,175.97,169.85,171.21,77730540,13361792221.8,,
2018-09-11,171.23,172.67,165.9,169.36,93278700,15752300258.0,,
2018-09-12,170.2,175.19,169.4,173.9,93574140,16178029284.8,,
2018-09-13,174.5,189.04,174.5,183.5,194912360,35718530627.1,,
2018-09-14,185.0,189.0,182.53,188.71,127908270,23811121559.5,,
2018-09-17,190.0,192.07,186.6,188.11,67025000,12657495056.9,,
2018-09-18,188.3,192.69,186.51,191.65,83601870,15935602842.5,,
2018-09-19,192.3,193.97,191.47,193.9,61065690,11765790485.2,,
2018-09-20,194.3,197.73,191.16,191.16,133004440,25907671831.7,,
2018-09-21,191.16,194.68,188.83,193.44,109182050,20987085349.6,,
2018-09-24,194.6,199.06,194.29,198.75,76000500,14980862393.8,,
2018-09-25,199.7,201.0,195.06,195.55,90058270,17816394892.2,,
2018-09-26,195.52,197.4,193.59,195.79,61988530,12107685829.7,,
2018-09-27,195.0,204.1,194.56,204.1,101333900,20287763496.9,,
2018-09-28,204.93,205.67,200.1,203.32,101839410,20640002411.7,,
2018-10-01,204.5,205.25,201.71,204.2,55013680,11200731324.1,,
2018-10-02,205.16,205.98,198.62,199.5,79003430,15967060127.3,,
2018-10-03,200.0,202.47,196.85,198.3,76679890,15326875712.8,,
2018-10-04,197.91,198.19,189.25,189.35,87451180,16889190425.7,,
2018-10-05,188.99,191.59,185.05,187.2,103279820,19431049586.3,,
2018-10-08,187.0,193.6,182.51,191.85,82502650,15450505217.0,,
2018-10-09,193.5,196.04,188.7,191.25,86121280,16579437585.2,,
2018-10-10,192.0,195.12,188.81,189.89,67336620,12901659213.4,,
2018-10-11,184.85,187.83,182.3,185.27,125364360,23161160055.1,,
2018-10-12,187.8,192.16,187.61,191.85,63093510,11967488185.0,,
2018-10-15,192.5,193.89,189.45,190.92,54220850,10382085271.3,,
2018-10-16,190.02,196.2,189.0,196.05,64061080,12322929981.2,,
2018-10-17,198.47,198.8,192.92,194.05,79027880,15439909926.6,,
2018-10-18,193.5,194.2,190.8,191.0,49394850,9497146513.4,,
2018-10-19,191.15,191.7,183.8,183.8,96950320,18187314080.4,,
2018-10-22,184.86,187.72,180.03,180.7,92854160,17068259418.5,,
2018-10-23,178.89,182.5,177.02,181.0,77903480,13991339614.5,,
2018-10-24,182.5,189.25,180.5,188.01,106814960,19832667501.9,,
2018-10-25,185.51,188.75,184.03,186.71,80112060,14912998515.9,,
2018-10-26,185.77,185.85,178.27,181.0,92868230,16813560687.7,,
2018-10-29,180.6,186.3,178.64,185.59,61368040,11281052334.4,,
2018-10-30,183.88,186.82,181.74,184.78,61227000,11277603675.4,,
2018-10-31,186.2,189.8,184.83,189.8,66890490,12501637020.5,,
2018-11-01,189.5,191.36,186.7,188.67,77588390,14659260131.4,,
2018-11-02,189.99,192.98,188.57,192.6,69325930,13275834208.1,,
2018-11-06,194.5,197.85,193.73,197.8,65904630,12927016495.6,,
2018-11-07,197.41,203.0,195.4,201.9,98634400,19697287441.3,,
2018-11-08,201.98,204.7,200.1,202.89,94736930,19186262036.4,,
2018-11-09,200.32,201.96,194.33,195.75,96097970,19066752943.8,,
2018-11-12,197.97,201.85,196.4,196.82,82362260,16404774101.4,,
2018-11-13,195.5,199.7,193.68,196.56,78638020,15499378471.0,,
2018-11-14,195.21,199.56,193.18,199.2,83071810,16355808484.3,,
2018-11-15,200.01,202.5,199.5,200.15,62376350,12524407289.2,,
2018-11-16,201.12,203.5,198.71,199.26,66434280,13363158527.7,,
2018-11-19,198.98,200.7,197.5,197.99,50559670,10061923655.3,,
2018-11-20,197.3,197.8,191.81,194.21,66392190,12942993160.1,,
2018-11-21,194.21,198.4,193.38,197.5,58475250,11448733173.5,,
2018-11-22,198.0,200.01,195.92,199.4,49731020,9858727498.9,,
2018-11-23,198.58,198.77,194.86,197.3,50984250,10030443127.2,,
2018-11-26,197.5,197.79,185.53,188.5,117412600,22420557112.3,,
2018-11-27,189.98,192.45,188.11,191.03,87812910,16719755012.7,,
2018-11-28,191.6,193.27,189.45,190.2,60383880,11541818590.3,,
2018-11-29,191.85,196.37,191.1,195.76,83234570,16139491460.5,,
2018-11-30,194.0,194.25,191.22,194.0,67411490,12993600685.9,,
2018-12-03,197.99,201.9,197.58,200.3,81820020,16385948573.4,,
2018-12-04,200.3,200.7,196.93,199.0,58006750,11528970773.3,,
2018-12-05,195.7,196.8,194.05,196.0,49771400,9734457940.7,,
2018-12-06,194.0,194.23,190.11,192.19,64556990,12399197206.1,,
2018-12-07,193.5,196.35,192.2,195.01,64007740,12433246380.4,,
2018-12-10,192.75,193.92,190.39,191.8,61815010,11891150325.9,,
2018-12-11,192.15,193.8,190.2,192.57,54872050,10537857037.9,,
2018-12-12,193.3,193.9,190.45,190.45,50988040,9785365619.1,,
2018-12-13,190.25,191.55,188.56,189.17,43510520,8266209067.4,,
2018-12-14,188.5,189.1,183.73,184.93,73307750,13613007249.8,,
2018-12-17,184.63,186.96,182.11,182.3,59876690,11052002008.7,,
2018-12-18,180.59,186.6,180.37,186.6,80342620,14678476272.8,,
2018-12-19,185.5,188.85,184.35,188.85,61953220,11576233463.1,,
2018-12-20,186.0,191.82,185.31,189.3,88123070,16685397398.5,,
2018-12-21,188.74,190.05,185.7,186.79,60633190,11346374195.8,,
2018-12-24,186.1,187.26,183.51,184.3,32587550,6022072846.5,,
2018-12-25,182.42,183.47,179.04,183.3,34732450,6298604219.7,,
2018-12-26,183.9,185.5,182.35,183.4,30129900,5541701129.1,,
2018-12-27,187.4,187.4,184.18,185.0,47527120,8820686720.4,,
2018-12-28,185.78,187.22,184.98,186.5,39831090,7418966648.8,,
2018-12-29,186.9,187.0,185.31,186.3,9167600,1705839164.6,,
2019-01-03,186.37,191.5,186.0,186.99,40249190,7606839232.6,,
2019-01-04,188.0,190.99,187.77,190.99,32583360,6178982723.2,,
2019-01-08,191.65,193.18,190.37,191.24,38856560,7439747926.7,,
2019-01-09,192.71,197.0,192.1,197.0,70707820,13793750286.7,,
2019-01-10,196.25,197.64,195.03,196.75,56378780,11072132895.5,,
2019-01-11,197.11,198.96,195.61,196.8,63811140,12591455167.1,,
2019-01-14,195.7,197.44,194.0,196.8,44774070,8750022132.0,,
2019-01-15,197.4,198.84,195.91,198.0,53217180,10510647840.0,,
2019-01-16,198.64,201.3,198.02,201.26,62469270,12483769929.2,,
2019-01-17,201.66,203.55,201.05,203.32,59989420,12142891257.6,,
2019-01-18,204.6,208.44,203.83,208.44,74335240,15305706306.9,,
2019-01-21,208.91,210.2,207.17,207.17,55523010,11585526896.5,,
2019-01-22,206.66,208.88,205.63,207.95,51361560,10635473806.4,,
2019-01-23,207.78,212.0,207.52,210.4,79765560,16773945829.3,,
2019-01-24,210.4,213.43,208.55,212.2,78537190,16607825656.3,,
2019-01-25,212.76,214.14,211.01,212.0,58844660,12531962919.7,,
2019-01-28,212.0,213.3,207.63,209.7,56537300,11922142893.0,,
2019-01-29,209.71,214.49,206.91,213.61,63963210,13471004729.3,,
2019-01-30,213.8,215.7,212.22,213.14,59319900,12699037074.2,,
2019-01-31,215.17,218.1,214.67,217.9,80344740,17427452979.0,,
2019-02-01,218.0,218.7,215.01,216.29,55512060,12025357439.1,,
2019-02-04,216.25,217.14,215.06,215.5,40925530,8834464267.9,,
2019-02-05,216.0,218.55,214.61,217.85,46690970,10141679731.1,,
2019-02-06,217.9,218.15,215.41,216.59,46155500,10000436468.6,,
2019-02-07,216.0,216.65,210.6,211.01,69248500,14794746671.6,,
2019-02-08,210.0,211.93,208.7,210.43,51799020,10896313543.1,,
2019-02-11,211.0,214.72,210.8,214.0,49657780,10599898803.9,,
2019-02-12,214.8,219.45,214.6,219.1,73724050,16027207897.2,,
2019-02-13,219.62,220.7,213.1,213.9,85228940,18429888789.7,,
2019-02-14,208.5,209.85,201.7,204.43,155830530,32089490182.2,,
2019-02-15,205.92,209.0,205.52,208.0,79213270,16440157393.8,,
2019-02-18,208.83,209.73,203.2,204.19,76658220,15744768858.2,,
2019-02-19,203.6,205.6,201.1,202.08,66705090,13555179033.4,,
2019-02-20,203.9,206.89,203.23,206.89,66813180,13696412235.1,,
2019-02-21,207.55,207.87,202.3,203.41,68159040,13952696321.2,,
2019-02-22,203.61,206.1,203.03,205.25,45768640,9375758283.4,,
2019-02-25,205.5,208.6,204.2,205.86,70929780,14637840913.3,,
2019-02-26,204.8,205.8,202.9,205.8,50829020,10380382815.4,,
2019-02-27,206.05,206.9,203.9,205.4,54146260,11103169212.5,,
2019-02-28,205.0,208.89,204.16,207.8,62340230,12861351787.8,,
2019-03-01,208.48,209.0,206.1,206.54,46106110,9559048167.2,,
2019-03-04,207.0,207.5,205.25,205.5,31661100,6528156160.1,,
2019-03-05,204.9,204.9,202.25,202.92,46422920,9445365469.6,,
2019-03-06,202.74,205.7,202.6,205.0,52940220,10817493630.0,,
2019-03-07,205.1,206.67,203.5,203.95,46079750,9440119640.4,,
2019-03-11,203.2,205.6,202.56,205.25,42484580,8673746363.1,,
2019-03-12,206.5,206.89,204.4,205.1,42292620,8692197347.6,,
2019-03-13,204.69,206.0,203.8,206.0,28536880,5846626647.6,,
2019-03-14,205.6,206.38,203.5,203.66,43879390,8972775024.4,,
2019-03-15,204.2,204.95,203.55,203.55,35953260,7336045663.3,,
2019-03-18,204.25,206.14,204.11,205.9,40854520,8389470396.4,,
2019-03-19,206.4,208.31,205.93,207.7,47791920,9903533910.2,,
2019-03-20,207.6,209.84,206.4,209.8,55535200,11569085791.0,,
2019-03-21,210.25,212.29,209.77,210.61,67037150,14163016455.2,,
2019-03-22,210.61,211.29,206.7,207.7,49421400,10313343201.3,,
2019-03-25,206.63,214.2,205.55,214.0,108111450,22848249253.9,,
2019-03-26,214.7,218.46,213.13,218.0,81466100,17633502019.4,,
2019-03-27,218.2,219.25,214.1,214.1,71996140,15596522767.4,,
2019-03-28,214.15,215.95,213.72,215.07,47565550,10216959979.2,,
2019-03-29,215.99,218.19,214.4,214.42,85814090,18553632347.3,,
2019-04-01,215.05,218.11,215.01,217.7,51803650,11253074150.2,,
2019-04-02,218.75,219.32,216.8,218.23,49230090,10751708504.0,,
2019-04-03,220.1,224.16,218.88,219.05,92738080,20531098477.6,,
2019-04-04,218.49,221.85,218.01,221.8,51964100,11446112440.2,,
2019-04-05,222.6,227.7,222.03,227.5,78052850,17547675168.7,,
2019-04-08,227.93,232.3,227.9,232.3,70857870,16291618232.9,,
2019-04-09,233.5,238.9,232.39,238.0,117431200,27784863995.4,,
2019-04-10,239.0,245.25,237.94,243.68,129370870,31346391662.0,,
2019-04-11,244.4,247.23,238.86,238.86,105413510,25595059413.5,,
2019-04-12,240.0,243.15,237.0,239.5,96227220,23085050839.9,,
2019-04-15,240.35,242.3,237.06,237.8,47884980,11472210998.8,,
2019-04-16,239.0,239.5,232.32,233.24,86433710,20298807946.6,,
2019-04-17,234.5,235.75,232.0,234.3,70239480,16427399744.4,,
2019-04-18,233.83,234.11,230.84,232.79,55729500,12943427799.9,,
2019-04-19,233.49,233.5,231.9,232.6,12300520,2862831138.4,,
2019-04-22,233.7,236.09,233.05,235.41,44282380,10397459472.8,,
2019-04-23,236.0,237.56,234.16,235.67,56873940,13418935007.5,,
2019-04-24,235.0,236.47,233.94,236.0,43619460,10266634044.4,,
2019-04-25,235.68,236.0,227.8,227.8,100809150,23343816029.6,,
2019-04-26,227.46,227.47,222.08,223.18,94128120,21096827673.8,,
2019-04-29,223.7,229.09,223.05,228.8,48833240,11045122505.5,,
2019-04-30,229.01,229.02,223.81,225.17,63461350,14338585768.1,,
2019-05-02,226.0,229.84,225.85,229.1,36536970,8345545316.6,,
2019-05-03,229.7,233.0,228.55,232.52,47635490,10995571036.2,,
2019-05-06,228.75,232.8,227.0,232.8,48493800,11128064650.4,,
2019-05-07,232.7,234.34,230.26,231.49,46520740,10798164156.9,,
2019-05-08,231.03,232.5,229.5,230.0,42299640,9760522510.4,,
2019-05-10,227.0,229.49,226.11,227.0,44398820,10117567873.4,,
2019-05-13,226.51,228.67,224.15,224.22,47092220,10653573231.2,,
2019-05-14,224.55,230.55,224.55,227.88,76594470,17481625434.6,,
2019-05-15,228.92,230.96,224.43,228.69,61125230,13902878592.5,,
2019-05-16,229.0,231.45,227.59,228.19,40133150,9213037193.4,,
2019-05-17,227.0,228.24,226.0,226.94,28523030,6477834359.6,,
2019-05-20,228.23,229.18,225.1,226.0,30226170,6849501464.9,,
2019-05-21,227.02,232.71,226.04,232.71,59079510,13542510908.4,,
2019-05-22,233.13,237.4,230.8,235.86,59430610,13965801460.5,,
2019-05-23,234.5,235.37,228.57,229.3,51517700,11948509779.5,,
2019-05-24,231.2,236.45,231.2,234.45,65885440,15426776802.8,,
2019-05-27,235.28,237.0,233.83,236.0,27786310,6539312871.4,,
2019-05-28,236.5,237.47,230.6,233.19,74118940,17376341037.5,,
2019-05-29,232.1,234.3,230.25,233.4,51831510,12058285065.1,,
2019-05-30,234.55,235.21,231.91,232.75,36413600,8499588638.8,,
2019-05-31,230.56,234.1,229.21,233.24,53532020,12379239716.0,,
2019-06-03,231.18,241.5,230.35,239.95,84461310,20073174687.7,,
2019-06-04,239.88,240.25,234.8,236.0,70060790,16602617098.4,,
2019-06-05,236.0,240.3,235.11,239.0,52861630,12596463385.2,,
2019-06-06,238.87,246.34,238.53,244.89,61360950,14957128724.6,,
2019-06-07,246.36,249.0,246.06,248.28,68423470,16949585336.6,,
2019-06-10,249.55,250.65,245.2,249.0,62696710,15582010956.3,,
2019-06-11,235.51,239.0,235.11,235.89,67944000,16115167732.3,,
2019-06-13,236.55,241.07,232.55,240.49,75253430,17852206746.3,,
2019-06-14,240.55,243.8,237.1,238.8,50409780,12115076103.7,,
2019-06-17,239.0,240.87,237.5,237.8,33622230,8036458694.4,,
2019-06-18,237.25,241.99,236.36,241.8,48958470,11706132989.0,,
2019-06-19,242.95,242.95,238.7,240.4,33945380,8156723970.1,,
2019-06-20,242.0,244.99,241.4,244.1,64381820,15685985981.2,,
2019-06-21,243.0,243.9,237.56,238.02,61061660,14650470642.3,,
2019-06-24,239.06,240.75,238.42,239.09,27723430,6643127409.0,,
2019-06-25,238.98,239.2,234.2,236.7,38549170,9093981303.5,,
2019-06-26,236.8,241.37,235.81,240.59,39714300,9501367310.9,,
2019-06-27,240.42,242.44,238.3,240.5,48171380,11575678587.9,,
2019-06-28,240.0,241.23,237.87,238.55,33405070,8002503226.7,,
2019-07-01,240.98,243.9,240.21,242.98,50758220,12301680169.7,,
2019-07-02,242.51,242.74,239.7,241.2,28583620,6884237874.5,,
2019-07-03,241.0,243.7,240.17,241.51,32731470,7929103535.0,,
2019-07-04,241.97,243.0,240.81,242.82,25316980,6130734609.1,,
2019-07-05,242.91,243.5,241.61,242.83,27870840,6760464589.7,,
2019-07-08,242.13,243.3,240.68,243.3,28620550,6925195477.3,,
2019-07-09,243.0,243.7,241.87,242.74,26380230,6403927430.2,,
2019-07-10,243.1,245.5,242.01,243.76,41599760,10143952505.1,,
2019-07-11,244.5,244.97,240.17,241.3,33165890,8036453218.6,,
2019-07-12,241.29,241.5,236.37,237.02,47691520,11344426526.7,,
2019-07-15,237.9,238.59,234.23,235.27,45070430,10665551854.6,,
2019-07-16,234.68,235.3,232.25,234.75,36223090,8469613947.2,,
2019-07-17,234.32,238.04,233.5,234.63,33529510,7916484903.5,,
2019-07-18,234.0,236.4,233.5,234.78,23057060,5421952289.0,,
2019-07-19,236.34,237.93,232.32,232.85,34706170,8156962941.6,,
2019-07-22,233.0,233.98,228.57,230.35,37949300,8783436642.4,,
2019-07-23,230.5,232.83,228.52,232.48,36363560,8401389505.7,,
2019-07-24,233.7,234.0,229.9,230.65,27365890,6355386841.4,,
2019-07-25,230.0,234.65,229.02,232.9,33078390,7688444437.3,,
2019-07-26,232.4,233.99,230.25,230.55,25918140,6015905213.4,,
2019-07-29,230.75,233.74,230.18,232.8,18373570,4268129902.1,,
2019-07-30,233.03,236.0,231.13,236.0,34843870,8133168850.2,,
2019-07-31,237.5,237.55,233.11,233.49,50848520,11973417433.7,,
2019-08-01,232.15,232.46,228.5,229.5,56165810,12919251256.6,,
2019-08-02,224.91,226.88,220.3,220.81,94676140,21168981970.1,,
2019-08-05,219.72,224.0,219.45,222.24,49233230,10951329795.7,,
2019-08-06,222.82,226.88,222.3,226.01,48804210,10994183243.5,,
2019-08-07,225.85,227.6,221.9,222.25,49612760,11134426036.8,,
2019-08-08,224.6,225.9,223.18,223.93,31264340,7020281496.8,,
2019-08-09,224.05,224.36,220.67,220.67,31503650,7008035302.4,,
2019-08-12,222.38,222.99,219.74,222.3,28795640,6376561167.9,,
2019-08-13,221.31,225.75,220.07,223.18,46729240,10426580466.8,,
2019-08-14,224.1,224.25,216.6,217.11,52025460,11432328998.1,,
2019-08-15,218.5,218.94,212.88,214.59,68320490,14720511306.4,,
2019-08-16,215.9,216.75,213.91,215.05,38449500,8278137161.1,,
2019-08-19,217.0,218.2,214.06,217.4,37788830,8175727934.7,,
2019-08-20,217.75,219.23,215.53,216.0,37017510,8038759907.7,,
2019-08-21,216.97,219.5,215.8,218.62,42949600,9367396845.4,,
2019-08-22,218.21,220.4,217.35,219.5,45760130,10023740283.8,,
2019-08-23,220.2,223.1,217.86,219.5,54778400,12059412882.8,,
2019-08-26,217.5,219.64,216.53,218.5,35264670,7702639286.0,,
2019-08-27,218.95,219.05,215.61,217.89,51340690,11169112379.1,,
2019-08-28,218.07,219.08,217.18,218.3,30298300,6609291772.3,,
2019-08-29,218.49,221.5,218.05,221.5,35897160,7907146900.3,,
2019-08-30,221.94,225.2,221.21,224.2,58186220,13024846001.0,,
2019-09-02,224.1,227.84,223.41,226.68,38941480,8811801767.0,,
2019-09-03,225.95,226.25,222.05,224.0,44560910,9969137870.0,,
2019-09-04,225.3,227.5,224.69,227.1,41663520,9419148686.7,,
2019-09-05,229.5,230.93,228.36,230.79,54900790,12613786320.0,,
2019-09-06,231.0,231.2,228.36,229.02,37942350,8712649385.2,,
2019-09-09,229.88,230.87,227.61,229.0,22795060,5221598395.5,,
2019-09-10,228.5,235.23,227.1,233.3,60396660,14002586557.4,,
2019-09-11,233.49,235.9,232.62,234.72,41927500,9829198336.9,,
2019-09-12,234.9,235.42,232.81,234.57,38978190,9129512191.0,,
2019-09-13,234.12,235.0,231.91,233.0,23109620,5393664930.4,,
2019-09-16,235.0,235.53,233.2,235.32,39568910,9289730429.8,,
2019-09-17,235.22,237.2,233.99,235.89,55770430,13128176200.8,,
2019-09-18,235.8,236.45,234.45,235.3,25599810,6027760806.6,,
2019-09-19,234.86,235.49,233.12,234.98,39447820,9249295187.2,,
2019-09-20,235.0,235.5,230.72,232.0,40638980,9437218924.6,,
2019-09-23,231.7,232.17,229.05,229.7,28199640,6489165111.7,,
2019-09-24,230.0,231.99,227.11,227.5,43410340,9972579439.1,,
2019-09-25,226.5,228.3,225.3,228.09,37974670,8611835756.0,,
2019-09-26,228.21,230.9,227.71,229.09,32739690,7512187937.8,,
2019-09-27,229.2,229.96,228.05,228.05,18062510,4135961998.5,,
2019-09-30,228.5,229.0,226.05,227.71,30235910,6876686920.8,,
2019-10-01,227.55,229.56,226.49,226.49,29870590,6813487722.8,,
2019-10-02,226.05,226.63,223.03,223.5,42441850,9527050503.5,,
2019-10-03,223.6,225.64,222.61,224.08,38368040,8607791413.8,,
2019-10-04,224.9,226.06,221.87,222.76,32222650,7229037224.3,,
2019-10-07,223.13,227.8,222.41,227.55,40155510,9055294553.1,,
2019-10-08,227.77,228.18,225.15,226.03,31019500,7019632436.8,,
2019-10-09,226.03,229.0,225.52,227.7,39714120,9041797336.5,,
2019-10-10,227.89,228.94,225.62,228.5,31717090,7203071962.8,,
2019-10-11,229.5,231.2,228.97,230.31,37497240,8629478331.8,,
2019-10-14,230.29,230.67,227.82,228.4,34628680,7933452937.8,,
2019-10-15,228.78,229.88,227.0,229.4,30763750,7029710726.6,,
2019-10-16,229.05,231.2,229.05,231.0,39214000,9040056309.4,,
2019-10-17,230.7,233.5,230.52,233.5,46007620,10678748294.1,,
2019-10-18,233.2,236.03,232.8,235.55,42729350,10035121583.6,,
2019-10-21,236.0,236.88,234.04,234.94,28457490,6692570441.0,,
2019-10-22,235.02,239.77,235.0,239.77,40298890,9566243389.4,,
2019-10-23,239.2,240.18,237.76,239.57,34655410,8277292939.0,,
2019-10-24,239.63,242.78,239.06,242.78,40384770,9729515862.3,,
2019-10-25,242.52,242.77,237.85,240.0,49789040,11920857496.5,,
2019-10-28,240.5,242.33,235.25,237.03,39049350,9353118338.7,,
2019-10-29,237.1,240.2,236.0,240.11,41494140,9899718643.9,,
2019-10-30,239.69,242.2,237.85,239.51,43597180,10474892277.3,,
2019-10-31,240.7,242.0,234.01,234.89,60316780,14333282167.9,,
2019-11-01,235.35,236.74,232.8,236.4,39229280,9220837088.0,,
2019-11-05,239.6,240.98,236.7,238.53,43691630,10418811901.4,,
2019-11-06,238.42,239.02,236.52,239.02,33409220,7952301153.2,,
2019-11-07,238.11,242.95,237.71,242.5,44689490,10779450937.4,,
2019-11-08,241.42,241.68,238.7,240.17,30570360,7342414951.4,,
2019-11-11,239.0,242.4,238.31,241.5,27141630,6538637824.3,,
2019-11-12,241.9,243.74,239.5,239.87,35518510,8590798985.9,,
2019-11-13,238.91,239.57,235.81,237.21,31448020,7473242462.4,,
2019-11-14,237.62,239.13,236.82,237.5,34330750,8160757018.1,,
2019-11-15,237.9,240.18,236.45,240.0,30696890,7323638859.0,,
2019-11-18,240.57,241.23,236.36,237.45,32959720,7861032604.7,,
2019-11-19,237.6,239.82,237.2,239.25,29135880,6958331286.1,,
2019-11-20,238.6,240.2,237.1,237.78,28102170,6694764012.7,,
2019-11-21,237.44,238.0,235.8,237.15,24654430,5837423118.4,,
2019-11-22,236.59,240.19,236.53,238.13,33570690,8001650684.8,,
2019-11-25,238.68,239.75,237.21,237.98,17558180,4183426976.6,,
2019-11-26,238.08,238.1,234.35,235.0,58341360,13740719377.8,,
2019-11-27,235.26,236.45,233.51,234.22,21885350,5141770254.6,,
2019-11-28,234.2,235.5,233.1,235.2,18855690,4418997771.4,,
2019-11-29,234.65,235.14,231.97,233.98,27285350,6370105736.3,,
2019-12-02,234.59,236.37,233.0,233.77,28216350,6622698810.4,,
2019-12-03,233.49,234.06,230.13,230.66,26687260,6181173482.9,,
2019-12-04,230.72,232.24,229.5,231.59,24314550,5621094961.8,,
2019-12-05,231.89,232.15,229.03,231.71,23210580,5353284865.8,,
2019-12-06,232.0,235.14,231.55,235.14,33286170,7777357128.9,,
2019-12-09,235.5,237.5,234.3,237.04,31774040,7503116033.1,,
2019-12-10,236.6,239.29,236.0,237.91,36098910,8592139689.9,,
2019-12-11,237.81,241.23,237.7,240.32,44167850,10612153788.4,,
2019-12-12,242.0,242.3,240.09,241.05,36174650,8731105191.4,,
2019-12-13,242.0,243.25,241.1,241.21,33163750,8026327875.7,,
2019-12-16,242.48,242.48,240.13,241.45,25624180,6186560505.6,,
2019-12-17,241.8,242.96,241.0,241.6,33841520,8187207941.9,,
2019-12-18,241.3,246.25,240.36,246.2,55765490,13601102505.0,,
2019-12-19,246.2,248.4,243.1,244.0,59951760,14726176097.4,,
2019-12-20,244.6,245.4,243.72,244.71,32957750,8059444818.5,,
2019-12-23,244.71,249.19,244.07,248.8,23996810,5921982333.9,,
2019-12-24,248.8,249.89,247.27,248.67,21062040,5237753854.0,,
2019-12-25,248.99,249.3,247.11,248.04,7921260,1964919964.3,,
2019-12-26,248.2,249.24,246.71,248.24,12989080,3220751527.7,,
2019-12-27,248.55,252.95,248.55,252.06,31982760,8018118071.0,,
2019-12-30,252.1,256.0,250.73,254.75,43157360,10959893255.5,,
2020-01-03,255.99,258.19,253.7,255.0,35851840,9165474633.3,,
2020-01-06,254.75,254.84,251.4,253.9,22348300,5646009935.8,,
2020-01-08,253.57,259.15,253.03,259.15,40817240,10485882097.9,,
2020-01-09,259.4,261.76,257.01,257.99,38329020,9936032087.9,,
2020-01-10,257.86,259.25,256.88,258.19,18851390,4864405366.3,,
2020-01-13,258.3,262.4,257.15,262.4,25855010,6719255698.1,,
2020-01-14,262.5,263.22,258.62,259.05,31125740,8103825686.4,,
2020-01-15,258.49,258.91,254.21,256.31,49361790,12661740755.8,,
2020-01-16,257.11,259.51,256.1,257.51,40246770,10367670370.1,,
2020-01-17,258.2,262.82,257.75,262.5,44914290,11730973230.7,,
2020-01-20,263.2,266.97,261.8,266.28,29797710,7891039716.6,,
2020-01-21,265.5,268.9,263.02,268.06,38082090,10116243295.7,,
2020-01-22,268.72,270.8,265.5,266.54,44282490,11869000221.9,,
2020-01-23,264.64,266.89,262.24,263.73,40604170,10758037619.6,,
2020-01-24,264.5,267.5,264.21,265.49,27340100,7262832432.3,,
2020-01-27,261.0,262.1,255.32,255.32,56453370,14573355407.9,,
2020-01-28,257.0,258.84,254.1,257.7,48137360,12365444789.1,,
2020-01-29,258.4,261.57,257.61,259.94,35047940,9098209650.8,,
2020-01-30,258.0,258.69,255.27,257.31,31769340,8167114682.7,,
2020-01-31,258.5,259.2,252.17,252.2,47921560,12249844290.7,,
2020-02-03,251.8,254.96,251.1,253.99,52728460,13363918755.6,,
2020-02-04,255.3,257.38,252.9,255.4,49786360,12692962569.8,,
2020-02-05,255.89,257.66,253.14,255.2,50756570,12992374109.8,,
2020-02-06,256.5,258.0,251.86,252.11,43615980,11098851157.0,,
2020-02-07,253.1,254.3,248.73,254.3,50226630,12648688569.6,,
2020-02-10,254.55,255.73,252.07,252.26,35220690,8929308973.1,,
2020-02-11,253.75,259.77,253.0,254.5,79454730,20381955261.5,,
2020-02-12,255.4,255.49,252.31,254.5,52523300,13351886412.8,,
2020-02-13,253.62,255.18,252.5,253.89,36730840,9314224120.0,,
2020-02-14,254.4,254.4,251.4,251.75,30017380,7579007855.0,,
2020-02-17,252.5,253.1,250.13,251.36,26429380,6637504387.0,,
2020-02-18,250.07,250.44,247.57,249.2,36365950,9054245995.6,,
2020-02-19,250.37,250.68,247.95,249.7,25798890,6437007441.5,,
2020-02-20,250.03,252.17,249.13,250.15,30717360,7704063757.8,,
2020-02-21,248.35,251.49,247.24,250.8,27762930,6926329901.6,,
2020-02-25,247.98,249.0,245.17,245.19,41055780,10141332087.8,,
2020-02-26,244.75,251.21,243.22,250.8,67757850,16724373957.7,,
2020-02-27,247.5,248.98,242.0,242.88,58240400,14287528242.1,,
2020-02-28,235.0,239.0,231.0,233.36,124633310,29250123419.3,,
2020-03-02,238.93,241.0,218.86,228.17,101986040,23615359168.5,,
2020-03-03,233.0,239.0,232.28,236.63,83653950,19695761022.1,,
2020-03-04,234.13,236.7,232.62,235.27,54274670,12738292785.5,,
2020-03-05,237.0,238.72,230.64,232.33,57083760,13359836777.1,,
2020-03-06,228.0,229.2,216.67,219.99,104446900,23122055667.7,,
2020-03-10,197.99,212.74,184.86,201.2,244541800,49385427971.3,,
2020-03-11,202.0,204.33,192.05,194.53,138304030,27368963511.9,,
2020-03-12,185.15,187.87,173.14,175.91,197972880,35646674940.5,,
2020-03-13,175.0,199.52,174.3,198.6,263038280,50434232135.0,,
2020-03-16,194.0,196.7,186.0,195.85,174273600,33462089397.7,,
2020-03-17,195.0,204.78,183.8,184.01,184148390,35134438033.5,,
2020-03-18,179.0,182.2,172.15,174.27,155008180,27438382586.0,,
2020-03-19,178.5,190.15,173.06,189.51,187427700,34507099921.0,,
2020-03-20,198.62,201.86,192.05,195.69,170582970,33640155970.2,,
2020-03-23,188.0,190.99,182.1,183.37,157891450,29394019795.5,,
2020-03-24,193.3,195.0,189.1,192.64,104881990,20144255967.3,,
2020-03-25,196.38,201.0,182.32,188.08,187978350,36047953308.7,,
2020-03-26,187.69,191.2,182.8,188.07,111602370,20794391118.5,,
2020-03-27,188.05,188.97,180.17,180.38,114277750,20992083168.9,,
2020-03-30,177.0,183.2,174.9,183.0,94334680,16984102870.2,,
2020-03-31,186.0,188.77,184.25,187.21,114026920,21273110563.5,,
2020-04-01,183.2,185.47,182.0,184.78,76826820,14152323782.7,,
2020-04-02,188.3,189.9,182.0,186.95,125636360,23370357267.7,,
2020-04-03,186.6,187.49,184.28,185.64,92860290,17235065518.9,,
2020-04-06,187.52,192.02,186.42,190.7,77864920,14703005110.4,,
2020-04-07,193.02,200.54,193.02,197.63,136421670,26938901533.1,,
2020-04-08,196.02,200.29,195.12,200.29,89980980,17786713217.2,,
2020-04-09,202.4,205.44,199.3,203.61,109981630,22320788796.1,,
2020-04-10,201.85,202.75,200.7,201.99,28758250,5800209935.8,,
2020-04-13,202.0,202.16,197.32,198.26,41284390,8212681043.4,,
2020-04-14,199.99,202.85,196.1,197.37,80220070,16029896035.5,,
2020-04-15,196.0,196.25,186.06,186.07,98164460,18670648932.7,,
2020-04-16,187.22,191.67,183.53,188.5,109174870,20595306653.4,,
2020-04-17,192.5,192.7,188.28,191.8,71727940,13685370762.7,,
2020-04-20,190.6,192.23,187.31,189.32,62240080,11794682206.4,,
2020-04-21,185.54,187.5,183.65,186.05,94307290,17514787767.5,,
2020-04-22,185.01,191.94,184.5,190.2,75361890,14242707865.6,,
2020-04-23,191.99,192.5,188.68,190.94,62759650,11973068616.3,,
2020-04-24,189.73,191.65,187.7,188.91,55313850,10472460449.3,,
2020-04-27,189.98,190.5,188.43,188.9,43711720,8280718574.0,,
2020-04-28,188.5,194.22,188.17,192.8,78584780,15058997718.5,,
2020-04-29,194.46,195.8,192.86,195.8,69842140,13579539158.7,,
2020-04-30,196.51,199.7,195.46,197.25,87198650,17208241261.6,,
2020-05-04,195.68,195.68,193.26,193.69,56398200,10956456919.7,,
2020-05-05,195.51,196.46,194.0,194.75,35439260,6913652876.1,,
2020-05-06,195.0,197.23,194.3,195.7,49561410,9707394359.8,,
2020-05-07,196.0,198.15,195.06,195.51,57728990,11343545876.3,,
2020-05-08,196.0,196.25,194.6,196.02,33836340,6617841364.8,,
2020-05-12,193.3,198.0,191.2,191.4,67656880,13070048549.5,,
2020-05-13,190.05,190.6,186.66,187.31,63466110,11961690830.5,,
2020-05-14,186.5,188.2,183.5,183.81,76682120,14231605183.4,,
2020-05-15,186.13,186.78,183.33,183.85,63148140,11679302654.5,,
2020-05-18,186.33,190.0,185.4,188.93,77545890,14534902238.5,,
2020-05-19,190.37,192.55,186.8,189.0,105324020,19951575701.7,,
2020-05-20,188.49,193.98,186.6,193.98,93343040,17813722381.1,,
2020-05-21,194.0,196.31,191.5,192.4,79541950,15420063130.0,,
2020-05-22,190.97,191.25,188.6,188.9,57013570,10819219615.2,,
2020-05-25,189.62,191.31,188.8,191.0,23140090,4393812737.8,,
2020-05-26,193.0,196.1,192.11,194.0,79312200,15409981368.9,,
2020-05-27,194.0,198.97,193.32,198.51,116074210,22860566656.3,,
2020-05-28,199.31,205.0,198.4,205.0,117179670,23677007418.1,,
2020-05-29,204.11,204.4,199.17,200.5,106653140,21465081835.5,,
2020-06-01,203.1,205.93,201.81,203.66,65650670,13373648341.9,,
2020-06-02,204.67,212.0,204.0,212.0,116868310,24294100965.5,,
2020-06-03,214.0,221.92,213.51,221.5,145043730,31549092543.7,,
2020-06-04,220.67,221.0,212.55,213.1,122494020,26485488602.2,,
2020-06-05,215.13,219.93,213.6,219.1,88658860,19225352020.3,,
2020-06-08,219.8,223.15,217.45,220.3,88826700,19572072820.0,,
2020-06-09,221.13,221.88,215.44,217.23,69166250,15045754084.5,,
2020-06-10,217.0,217.58,211.82,212.53,91895460,19662728515.9,,
2020-06-11,208.91,209.24,206.01,208.35,70033060,14524836992.8,,
2020-06-15,205.07,207.85,202.3,207.32,75996510,15576360955.0,,
2020-06-16,210.28,212.19,207.52,207.76,66559110,13980584331.2,,
2020-06-17,208.52,210.35,206.94,208.14,56578870,11802788689.2,,
2020-06-18,207.8,208.1,202.72,203.77,72275760,14802264834.6,,
2020-06-19,205.44,209.2,204.55,207.0,75045510,15554563362.6,,
2020-06-22,206.7,207.95,204.28,206.4,58664110,12074076979.8,,
2020-06-23,207.7,209.74,206.43,207.3,53487940,11137767479.7,,
2020-06-25,201.0,207.0,200.75,206.92,71495220,14541271980.8,,
2020-06-26,206.97,207.5,201.76,203.15,46690640,9536028546.0,,
2020-06-29,201.0,205.86,200.97,205.8,43082680,8775787315.9,,
2020-06-30,205.7,206.0,202.36,203.22,43754960,8909592214.0,,
2020-07-02,205.0,210.15,204.28,209.6,76382050,15895629292.0,,
2020-07-03,210.0,211.97,209.0,210.95,50644210,10651660815.1,,
2020-07-06,212.97,216.79,212.94,214.61,55455110,11914952236.6,,
2020-07-07,213.0,214.23,210.51,210.53,44728560,9483841870.2,,
2020-07-08,210.8,212.29,209.3,210.97,42068480,8859053776.1,,
2020-07-09,210.7,211.7,208.1,209.11,45189000,9485167255.3,,
2020-07-10,207.51,212.6,206.57,212.28,50706520,10603240360.5,,
2020-07-13,213.87,214.2,208.11,208.39,51331610,10836025409.7,,
2020-07-14,208.38,209.58,205.7,209.5,66035020,13674397301.5,,
2020-07-15,210.29,211.8,207.65,211.09,49529010,10392614438.1,,
2020-07-16,209.66,212.6,208.63,211.35,39030370,8222468883.2,,
2020-07-17,211.69,212.18,209.86,210.81,36140220,7621648287.8,,
2020-07-20,210.27,214.48,209.08,213.89,44507600,9408789104.0,,
2020-07-21,215.0,219.1,214.38,215.73,75649160,16436006752.1,,
2020-07-22,215.98,217.65,213.56,216.71,48441000,10453875884.8,,
2020-07-23,217.5,219.28,215.0,215.41,43424820,9454102078.5,,
2020-07-24,214.8,217.41,197.73,215.97,53567220,11521604596.7,,
2020-07-27,216.7,218.38,215.15,216.9,38321750,8310553242.2,,
2020-07-28,216.81,217.42,215.25,215.53,24610340,5319231657.0,,
2020-07-29,215.89,219.18,215.63,219.18,41346230,9005920588.0,,
2020-07-30,218.71,218.88,215.34,218.15,51264970,11138328730.9,,
2020-07-31,218.19,221.98,217.43,221.57,59709710,13145917240.5,,
2020-08-03,222.27,228.36,221.3,226.72,64556650,14565232568.0,,
2020-08-04,227.39,228.85,225.63,227.16,42017490,9543108136.4,,
2020-08-05,228.15,229.17,224.31,226.4,54642900,12399212426.2,,
2020-08-06,226.75,227.43,224.35,226.0,30164090,6807374079.6,,
2020-08-07,225.0,227.6,224.46,227.28,35640160,8061489862.1,,
2020-08-10,227.96,228.7,224.51,225.99,43502880,9837842413.7,,
2020-08-11,226.43,234.73,226.21,232.65,81875170,18901430660.7,,
2020-08-12,233.12,242.5,233.03,242.4,101002270,24086072932.3,,
2020-08-13,242.2,244.04,238.57,241.39,85720330,20686038715.6,,
2020-08-14,242.0,242.22,238.47,239.99,44284550,10611904575.6,,
2020-08-17,240.8,242.35,234.5,237.8,77120410,18405007815.5,,
2020-08-18,236.88,239.83,235.69,236.3,36762880,8727611405.3,,
2020-08-19,235.85,240.75,235.19,239.4,38234650,9128470275.9,,
2020-08-20,238.44,238.51,230.33,232.48,116941150,27336230596.3,,
2020-08-21,233.3,236.5,227.35,231.22,138913060,32170258945.3,,
2020-08-24,232.5,233.7,230.2,231.81,44546800,10345016893.4,,
2020-08-25,232.3,232.97,226.9,228.08,58979870,13519382620.3,,
2020-08-26,228.3,229.4,224.7,227.8,75779450,17191544879.4,,
2020-08-27,227.87,229.98,225.6,226.23,51031070,11613583692.0,,
2020-08-28,227.0,228.1,225.19,226.3,40748090,9232406392.9,,
2020-08-31,227.0,229.71,225.0,226.1,62015070,14071375876.6,,
2020-09-01,226.7,227.97,226.01,227.64,37550370,8522787144.6,,
2020-09-02,228.56,228.75,220.85,222.57,77854040,17450608746.8,,
2020-09-03,221.67,224.23,218.0,218.32,69470720,15382475469.6,,
2020-09-04,218.0,222.5,216.75,222.21,70670060,15500726113.3,,
2020-09-07,221.5,224.2,220.5,221.32,59334960,13178570253.6,,
2020-09-08,222.0,222.48,216.29,217.68,70024350,15302879362.2,,
2020-09-09,217.01,218.88,216.8,218.0,48062980,10478057857.9,,
2020-09-10,218.24,222.15,215.79,220.6,71198540,15594540161.9,,
2020-09-11,221.46,223.15,219.75,221.07,45688920,10116610895.1,,
2020-09-14,222.31,227.54,222.13,227.37,62906200,14157337173.7,,
2020-09-15,228.22,231.95,227.39,231.5,61905270,14255629551.8,,
2020-09-16,231.72,232.6,230.15,231.06,39605930,9156984436.9,,
2020-09-17,229.1,231.75,228.57,231.46,49126710,11305308495.3,,
2020-09-18,232.0,232.59,229.0,230.3,54624840,12588932834.6,,
2020-09-21,229.88,230.07,223.49,226.25,70303620,15914876384.9,,
2020-09-22,226.0,230.28,225.46,229.88,66622080,15206482113.8,,
2020-09-23,230.02,232.1,227.61,228.5,71299220,16403578895.1,,
2020-09-24,227.63,231.1,225.75,228.17,81995110,18732362394.8,,
2020-09-25,229.0,229.3,226.25,228.24,60248340,13705991460.3,,
2020-09-28,228.79,229.55,227.35,228.63,64519830,14741456973.9,,
2020-09-29,228.88,228.88,223.1,225.48,90417190,20396145374.2,,
2020-09-30,224.5,230.75,223.25,229.14,78604470,17872440194.2,,
2020-10-01,229.08,229.9,226.86,227.23,77828210,17791063640.7,,
2020-10-02,210.4,211.39,206.5,208.8,114322450,23838847083.7,,
2020-10-05,209.65,210.69,207.72,208.89,45601880,9513875234.4,,
2020-10-06,209.0,212.99,208.35,211.18,87529560,18494841962.5,,
2020-10-07,211.3,212.66,209.03,210.6,62052620,13059113369.6,,
2020-10-08,211.2,211.43,207.26,207.97,49545460,10346732010.9,,
2020-10-09,208.47,208.96,204.4,205.38,65518060,13514648160.3,,
2020-10-12,205.97,208.49,204.57,206.18,52321380,10804190710.5,,
2020-10-13,205.92,207.64,204.77,205.03,46023280,9481495812.4,,
2020-10-14,205.06,208.0,204.78,207.83,46840170,9685023432.1,,
2020-10-15,207.46,207.57,201.95,203.85,76502030,15627615937.8,,
2020-10-16,204.02,204.25,200.5,201.17,66258500,13392342059.7,,
2020-10-19,201.55,204.0,201.55,202.78,47421400,9616800475.9,,
2020-10-20,203.0,209.76,202.5,209.54,80919110,16761624910.9,,
2020-10-21,210.04,213.25,208.9,210.33,82509750,17405263503.0,,
2020-10-22,209.58,211.53,207.84,210.21,46859510,9827794477.3,,
2020-10-23,210.0,214.73,209.15,214.5,75361490,16035135288.8,,
2020-10-26,213.4,214.45,210.5,211.1,58921210,12523196337.9,,
2020-10-27,211.5,212.29,206.66,207.64,61084680,12740888699.7,,
2020-10-28,206.94,206.94,202.3,204.73,70171420,14346698389.2,,
2020-10-29,206.5,207.33,203.64,205.58,91505270,18784577809.2,,
2020-10-30,203.62,204.84,200.61,200.99,83659620,16956465782.8,,
2020-11-02,200.45,204.59,196.15,204.5,82335660,16569318135.9,,
2020-11-03,205.7,211.11,203.8,209.2,90368710,18755423471.8,,
2020-11-05,214.4,218.65,211.43,216.7,152554980,32864048096.0,,
2020-11-06,215.8,218.29,213.0,217.5,94997390,20569505846.9,,
2020-11-09,220.0,231.3,218.7,228.05,217536750,49040624016.0,,
2020-11-10,227.0,237.6,226.27,236.1,229603230,53418710876.7,,
2020-11-11,237.0,245.98,236.89,244.2,234843470,56981091002.2,,
2020-11-12,243.31,245.72,240.22,242.08,151436920,36869870227.7,,
2020-11-13,242.01,244.14,238.62,242.99,106150870,25594975927.1,,
2020-11-16,244.14,248.73,244.0,247.99,113945190,28152563676.1,,
2020-11-17,248.0,249.84,243.41,245.7,94918470,23346224330.0,,
2020-11-18,245.1,247.23,242.59,242.71,60088940,14733578918.6,,
2020-11-19,242.5,243.49,237.34,240.27,97143730,23265463603.1,,
2020-11-20,239.58,240.77,236.57,239.42,48799870,11633833057.0,,
2020-11-23,240.45,243.87,238.52,239.7,74832280,18049549354.9,,
2020-11-24,241.65,247.85,239.57,247.33,84515780,20602954853.6,,
2020-11-25,248.0,252.2,246.55,251.91,133397740,33360645434.4,,
2020-11-26,252.3,252.88,247.44,250.1,79917590,19957536265.9,,
2020-11-27,250.3,252.26,248.03,251.59,51431130,12861398290.8,,
2020-11-30,249.72,251.0,245.98,249.63,112141620,27926253239.0,,
2020-12-01,250.75,260.99,249.8,260.81,132069500,33797756819.2,,
2020-12-02,260.05,264.99,258.8,264.06,93452130,24485196875.8,,
2020-12-03,264.5,264.63,260.85,263.14,62240840,16359009602.9,,
2020-12-04,264.63,270.84,264.5,270.0,94637930,25436065778.4,,
2020-12-07,269.0,276.13,268.1,274.36,94793660,25943614759.1,,
2020-12-08,274.5,276.66,271.52,275.49,78859920,21641376994.2,,
2020-12-09,276.4,279.42,275.87,276.89,73639980,20456907403.1,,
2020-12-10,276.55,282.2,275.2,282.2,75658690,21123931442.1,,
2020-12-11,282.5,284.6,279.78,283.73,76101950,21506659116.0,,
2020-12-14,285.01,287.74,277.1,279.95,90415250,25581080169.8,,
2020-12-15,278.53,283.76,276.07,278.7,84193230,23511052595.1,,
2020-12-16,278.0,280.84,276.14,278.35,54748960,15220154497.2,,
2020-12-17,279.81,285.16,276.54,278.5,92138550,25872189748.4,,
2020-12-18,277.22,277.4,268.52,270.16,99271840,27030760585.1,,
2020-12-21,266.2,267.34,259.7,261.79,120517950,31683374762.3,,
2020-12-22,259.55,267.42,257.05,262.04,105490480,27826353526.9,,
2020-12-23,262.25,270.29,260.22,270.1,67938790,18051634580.6,,
2020-12-24,271.98,272.82,267.13,269.32,42614450,11504527659.8,,
2020-12-25,269.97,271.0,268.28,270.64,11989750,3235057865.1,,
2020-12-28,270.9,275.19,269.73,274.7,39043430,10633510029.9,,
2020-12-29,275.91,276.43,271.26,272.0,39021610,10692369375.8,,
2020-12-30,272.49,274.24,270.12,271.65,31530660,8575812006.4,,
2021-01-04,274.67,276.6,270.61,272.0,48922920,13434542974.0,,
2021-01-05,272.69,275.7,270.28,275.2,45583910,12449940093.5,,
2021-01-06,275.94,275.94,271.62,272.93,40948520,11198786354.7,,
2021-01-08,275.11,283.99,275.11,283.64,88928790,24965598229.2,,
2021-01-11,282.86,292.95,279.48,289.49,112349520,32387587949.7,,
2021-01-12,290.88,296.07,286.7,289.99,78962360,23033207791.0,,
2021-01-13,291.01,292.46,283.1,283.78,67559080,19329406068.2,,
2021-01-14,284.0,286.9,279.06,284.79,74673700,21166553940.6,,
2021-01-15,282.55,286.16,276.0,276.9,73774870,20704258669.7,,
2021-01-18,275.72,281.3,272.95,279.79,73935650,20519303291.8,,
2021-01-19,280.98,282.8,276.42,278.19,55998820,15657703355.8,,
2021-01-20,278.62,282.49,276.77,279.8,47940980,13410105295.4,,
2021-01-21,280.75,281.54,272.84,274.4,83795610,23104211857.2,,
2021-01-22,273.0,273.3,266.78,268.25,87007610,23425721074.9,,
2021-01-25,271.0,273.63,261.65,265.3,114330950,30573885594.7,,
2021-01-26,262.7,269.57,262.61,269.34,75228120,20081806624.3,,
2021-01-27,270.07,273.8,265.02,265.5,100093260,26983357696.7,,
2021-01-28,263.5,267.17,261.17,265.96,81253290,21478838736.4,,
2021-01-29,263.77,264.75,257.36,258.11,120123710,31282157083.1,,
2021-02-01,260.0,264.06,258.73,263.8,63130400,16517036893.1,,
2021-02-02,265.0,268.39,263.05,263.15,79534190,21130912921.8,,
2021-02-03,264.32,268.14,261.05,263.53,77648760,20508495277.8,,
2021-02-04,263.21,270.6,262.34,270.11,78929290,21060053221.8,,
2021-02-05,271.99,272.57,268.87,271.7,71806820,19443149796.1,,
2021-02-08,273.01,275.58,272.32,275.2,51878390,14217396460.7,,
2021-02-09,275.99,276.29,267.19,268.98,91921510,24881954493.2,,
2021-02-10,269.28,270.99,265.2,265.9,63087490,16918200383.1,,
2021-02-11,265.5,266.9,263.75,264.7,38669800,10250368666.9,,
2021-02-12,264.0,266.44,258.55,266.0,81658530,21386688670.7,,
2021-02-15,268.49,271.87,267.07,271.81,56945310,15321628602.6,,
2021-02-16,272.3,272.8,268.27,270.9,63103170,17059296191.7,,
2021-02-17,270.99,275.07,267.56,270.9,79103850,21493440752.3,,
2021-02-18,270.35,272.46,266.21,266.99,58729690,15803278522.1,,
2021-02-19,266.12,272.81,264.19,271.34,59268550,15897066063.1,,
2021-02-20,271.0,271.0,269.02,270.51,8763250,2365150617.1,,
2021-02-22,270.1,274.46,268.12,273.71,48129770,13063828693.3,,
2021-02-24,272.12,272.75,269.42,271.9,64190320,17398895710.6,,
2021-02-25,273.6,276.48,270.65,270.71,79716010,21852880680.8,,
2021-02-26,268.0,272.49,266.43,270.17,74892050,20205917011.1,,
2021-03-01,273.0,274.73,271.13,273.58,35962010,9812239879.7,,
2021-03-02,271.89,280.0,271.6,279.1,71566360,19802839822.7,,
2021-03-03,281.7,283.83,277.63,278.01,64275320,18069380424.4,,
2021-03-04,278.5,281.96,273.63,274.75,91991370,25572715633.1,,
2021-03-05,276.0,278.98,272.76,277.5,83551110,23006360823.0,,
2021-03-09,278.8,286.38,277.56,285.79,72788180,20623220749.3,,
2021-03-10,285.24,288.0,281.0,282.24,55155180,15689655145.4,,
2021-03-11,283.84,286.38,282.3,286.0,47365180,13468791279.1,,
2021-03-12,286.3,287.49,282.82,284.93,51540190,14696936110.3,,
2021-03-15,286.05,292.92,285.28,292.74,67805740,19694478523.7,,
2021-03-16,293.06,293.88,288.61,292.33,53921730,15706960115.0,,
2021-03-17,292.35,293.25,279.6,283.35,110292330,31420312827.6,,
2021-03-18,284.04,285.79,278.24,279.25,74128740,20952188477.5,,
2021-03-19,279.0,286.31,278.03,285.47,84249430,23896683369.4,,
2021-03-22,285.0,291.2,283.08,288.65,62762410,18072432468.3,,
2021-03-23,287.56,288.3,282.11,282.6,70760630,20134876840.3,,
2021-03-24,283.4,288.0,282.25,285.79,46411230,13241823616.1,,
2021-03-25,286.5,287.03,283.85,286.66,35216620,10061257317.5,,
2021-03-26,288.63,292.75,288.32,291.22,56072880,16285019984.6,,
2021-03-29,289.72,294.09,289.26,293.3,43681330,12776627652.5,,
2021-03-30,294.86,295.72,291.5,293.25,38806220,11386510532.1,,
2021-03-31,294.0,294.42,290.26,291.02,46996880,13722588078.6,,
2021-04-01,292.0,294.72,288.43,290.24,51601440,15048904346.4,,
2021-04-02,290.81,292.4,289.14,291.7,19279180,5610346088.3,,
2021-04-05,290.8,291.48,287.07,288.78,35363370,10211978871.6,,
2021-04-06,289.0,289.43,281.37,281.5,77530890,22023585643.8,,
2021-04-07,281.68,284.29,278.54,283.98,74146060,20938831900.0,,
2021-04-08,284.88,286.2,282.17,283.89,51289780,14569845805.9,,
2021-04-09,283.47,283.79,280.09,281.07,40033420,11271736294.7,,
2021-04-12,278.2,285.35,278.0,281.75,57180030,16143449066.2,,
2021-04-13,282.93,288.2,281.14,287.95,67973530,19307788768.4,,
2021-04-14,290.0,291.58,286.72,287.18,59364940,17158515624.6,,
2021-04-15,281.5,285.19,280.87,283.72,88048600,24900273563.2,,
2021-04-16,285.71,289.3,284.08,288.5,63499000,18209910712.5,,
2021-04-19,287.86,289.25,286.04,287.72,51327720,14768633036.5,,
2021-04-20,288.9,290.92,286.59,287.42,63197880,18231430821.4,,
2021-04-21,288.01,290.2,287.06,289.25,49792800,14366094028.1,,
2021-04-22,289.04,294.67,286.93,292.18,73632070,21455730263.7,,
2021-04-23,293.1,294.2,290.78,293.19,42651330,12479394619.2,,
2021-04-26,294.3,296.48,293.1,295.27,45760050,13489611763.3,,
2021-04-27,295.74,300.25,295.61,298.5,62853160,18736951208.9,,
2021-04-28,299.0,299.26,295.89,298.49,40622520,12086194096.3,,
2021-04-29,301.0,301.84,294.79,297.1,57082260,17035466804.4,,
2021-04-30,296.92,298.1,295.03,297.73,35679650,10590175090.3,,
2021-05-04,298.7,304.23,298.2,303.7,60457530,18254360973.5,,
2021-05-05,304.01,306.03,302.71,305.99,41715270,12686338080.0,,
2021-05-06,306.29,314.98,306.25,314.72,62565270,19445261780.6,,
2021-05-07,316.0,319.16,315.48,317.94,56433970,17932443392.3,,
2021-05-10,318.26,320.19,314.31,320.19,59248110,18859902204.9,,
2021-05-11,303.0,309.48,301.0,307.16,79945470,24461595534.6,,
2021-05-12,307.39,309.24,302.0,302.02,56142830,17117472278.0,,
2021-05-13,302.11,306.86,299.33,306.74,57721460,17480492963.7,,
2021-05-14,308.2,308.24,302.33,304.1,26858430,8184103496.4,,
2021-05-17,303.5,305.24,301.01,303.94,28384220,8602278545.3,,
2021-05-18,305.01,306.62,303.33,305.78,35496400,10826259827.2,,
2021-05-19,304.38,304.88,295.1,297.0,71747950,21447203504.1,,
2021-05-20,297.94,298.37,293.0,296.72,58510610,17309608890.0,,
2021-05-21,296.85,302.98,294.9,301.23,51415080,15412865248.4,,
2021-05-24,302.02,304.75,299.59,300.7,30831530,9305994897.1,,
2021-05-25,301.77,307.4,301.57,306.8,37547680,11446226253.2,,
2021-05-26,307.84,309.5,305.33,307.01,35358520,10872171628.4,,
2021-05-27,306.39,313.9,305.72,312.72,70753690,22015829895.0,,
2021-05-28,313.3,314.0,309.06,309.56,35484140,11019520782.9,,
2021-05-31,309.3,312.6,308.82,310.79,23683010,7358441686.8,,
2021-06-01,312.6,314.17,310.03,311.6,37655890,11760039651.1,,
2021-06-02,311.6,314.0,310.61,313.98,27008780,8442830252.9,,
2021-06-03,314.81,315.71,309.87,312.41,34546320,10797490935.7,,
2021-06-04,313.0,313.0,307.6,310.94,37126650,11511460400.7,,
2021-06-07,310.03,316.0,308.57,315.53,40197440,12604316205.2,,
2021-06-08,315.29,316.18,312.5,314.83,34944620,10985227365.0,,
2021-06-09,315.0,315.9,312.9,314.78,25152290,7911580970.5,,
2021-06-10,314.87,316.58,313.76,314.62,29211800,9205108791.4,,
2021-06-11,314.88,315.08,312.5,313.0,21924900,6874717176.9,,
2021-06-14,313.48,314.87,310.4,314.12,25517710,7981522587.1,,
2021-06-15,314.14,315.6,312.4,312.51,29741250,9338359538.4,,
2021-06-16,312.5,314.54,311.03,311.61,38253860,11970095572.4,,
2021-06-17,311.0,315.42,310.46,313.9,44322800,13921831113.0,,
2021-06-18,312.9,313.82,308.13,309.3,62462450,19369747579.7,,
2021-06-21,308.47,310.4,306.56,310.4,36129780,11127233121.1,,
2021-06-22,310.79,311.17,308.13,309.73,23538080,7286583759.1,,
2021-06-23,310.45,312.0,308.69,309.79,24831290,7704930824.2,,
2021-06-24,309.8,311.2,308.84,310.0,19725240,6120601296.5,,
2021-06-25,310.58,312.5,309.82,311.81,22598640,7045361825.6,,
2021-06-28,311.77,312.06,309.13,309.48,19460180,6037009686.4,,
2021-06-29,308.7,309.23,303.66,306.1,33944770,10398990877.1,,
2021-06-30,306.19,306.91,303.34,306.45,31549580,9623571888.2,,
2021-07-01,306.0,307.35,305.0,305.78,19989790,6115741878.3,,
2021-07-02,305.52,308.37,304.71,307.39,28908330,8878528675.3,,
2021-07-05,307.81,308.11,304.8,307.0,16509700,5056652727.5,,
2021-07-06,307.32,307.59,302.37,303.34,32694440,9947377150.2,,
2021-07-07,303.98,306.2,302.85,304.06,22676030,6904870033.4,,
2021-07-08,303.0,304.3,300.62,302.63,30771300,9291231244.7,,
2021-07-09,302.7,304.1,301.22,303.56,20527240,6221033067.9,,
2021-07-12,303.55,306.27,301.52,306.23,25302270,7698399076.0,,
2021-07-13,306.81,307.22,302.11,303.0,21270580,6464658959.4,,
2021-07-14,302.7,303.69,300.74,301.5,23974320,7237029789.3,,
2021-07-15,301.13,303.5,299.77,301.72,21111670,6369475563.9,,
2021-07-16,302.05,304.78,298.57,298.85,34533280,10423278055.1,,
2021-07-19,298.0,298.36,290.03,291.46,41320510,12140364229.1,,
2021-07-20,292.33,296.8,292.3,296.1,35594130,10479634188.6,,
2021-07-21,296.0,296.94,293.54,294.86,17541560,5176146679.3,,
2021-07-22,295.77,298.17,294.43,297.27,20344800,6033649682.7,,
2021-07-23,297.49,298.69,295.04,296.38,14967220,4439946470.0,,
2021-07-26,294.0,303.68,291.98,303.34,34024050,10175480067.2,,
2021-07-27,302.66,304.59,299.38,299.71,38608790,11625473240.2,,
2021-07-28,300.43,302.98,300.0,302.9,27009120,8142734620.6,,
2021-07-29,304.13,305.27,303.03,303.12,28037210,8520685080.9,,
2021-07-30,302.48,306.67,301.12,305.59,49731920,15157391539.0,,
2021-08-02,306.23,308.63,306.06,306.51,31593540,9712485073.5,,
2021-08-03,306.31,309.89,306.25,309.89,33931370,10476332321.7,,
2021-08-04,310.26,312.0,309.25,311.1,30932050,9619501057.0,,
2021-08-05,311.02,315.91,310.82,315.82,37329160,11711056494.3,,
2021-08-06,316.2,320.0,315.31,319.15,54141450,17250983207.7,,
2021-08-09,318.59,328.3,317.62,326.91,72070400,23364951835.9,,
2021-08-10,328.05,331.29,326.97,330.11,41541930,13686731557.3,,
2021-08-11,330.7,330.98,326.21,329.9,34452160,11340789530.3,,
2021-08-12,330.0,330.64,327.3,328.57,21002650,6906044138.1,,
2021-08-13,328.6,330.27,327.31,328.68,18816130,6185311247.9,,
2021-08-16,327.59,330.52,327.13,329.36,23953750,7890432812.2,,
2021-08-17,329.0,335.7,328.55,334.5,42472520,14178855630.2,,
2021-08-18,336.0,338.99,333.26,334.9,36356910,12240538414.4,,
2021-08-19,333.5,334.0,329.1,332.69,46184030,15294644907.6,,
2021-08-20,332.02,333.27,325.17,325.67,36393250,11920865393.1,,
2021-08-23,327.85,329.81,326.55,329.22,20613110,6771726247.3,,
2021-08-24,330.43,331.22,323.32,324.83,35762700,11661785449.4,,
2021-08-25,324.3,325.32,321.26,324.57,28105390,9091893016.7,,
2021-08-26,324.03,325.55,320.58,322.54,27529220,8889442613.5,,
2021-08-27,323.71,327.5,321.8,327.41,27848390,9037851562.1,,
2021-08-30,328.43,329.38,326.51,328.28,20402150,6693382122.6,,
2021-08-31,328.5,330.48,327.3,327.94,32464730,10674890258.7,,
2021-09-01,328.87,334.64,328.03,334.57,30698660,10163146008.5,,
2021-09-02,334.67,334.91,328.77,329.0,31605740,10480537445.5,,
2021-09-03,329.47,330.53,326.62,329.71,29626390,9726769112.2,,
2021-09-06,330.0,331.45,328.5,329.37,17491440,5770432011.0,,
2021-09-07,329.82,330.73,324.64,325.96,24448110,7987373264.7,,
2021-09-08,325.96,332.74,322.84,331.7,47841520,15740553281.4,,
2021-09-09,330.4,330.4,325.69,326.01,29962700,9825197205.3,,
2021-09-10,328.01,328.43,325.21,326.25,17532340,5729049099.3,,
2021-09-13,327.01,328.14,324.01,327.41,24365060,7938937327.1,,
2021-09-14,327.45,328.84,325.48,326.48,22505240,7368952203.4,,
2021-09-15,326.46,334.6,326.46,333.51,43834510,14527591562.8,,
2021-09-16,333.04,334.5,324.91,326.99,62503480,20507737106.1,,
2021-09-17,326.9,331.73,325.7,329.56,54126320,17871079350.1,,
2021-09-20,327.01,328.85,325.0,326.92,31832600,10401831490.4,,
2021-09-21,328.44,329.48,322.39,323.25,47769290,15522239088.4,,
2021-09-22,325.28,328.9,322.5,327.8,38198960,12463834230.6,,
2021-09-23,328.94,329.4,325.13,327.02,27071410,8851933420.7,,
2021-09-24,326.08,326.23,323.62,325.44,24584330,7989126504.7,,
2021-09-27,326.39,332.46,326.09,331.68,34410300,11349159556.7,,
2021-09-28,332.07,334.48,328.32,329.3,52542880,17401187015.8,,
2021-09-29,329.09,330.45,327.15,328.43,27649210,9089927992.7,,
2021-09-30,329.98,342.2,329.45,340.99,83622260,28126964094.4,,
2021-10-01,339.21,339.94,336.08,338.48,37690990,12711650647.5,,
2021-10-04,337.9,349.31,336.22,345.85,60125260,20681506812.0,,
2021-10-05,346.78,365.0,344.9,363.2,86824850,30825175209.9,,
2021-10-06,366.0,375.48,359.35,364.28,95804990,35040194593.9,,
2021-10-07,367.69,374.0,365.88,368.93,49555650,18307876011.9,,
2021-10-08,370.0,374.55,368.0,373.01,31050580,11527412588.4,,
2021-10-11,375.0,388.11,375.0,387.6,66699560,25575373781.3,,
2021-10-12,385.88,386.86,376.72,377.79,51665490,19716234876.2,,
2021-10-13,378.86,380.91,370.81,378.8,54687330,20580875845.5,,
2021-10-14,382.0,383.13,374.57,376.09,36363890,13743991379.8,,
2021-10-15,377.92,378.41,370.43,371.82,37369170,13934166254.1,,
2021-10-18,369.35,369.91,363.75,364.6,38233180,13978826905.5,,
2021-10-19,366.14,373.4,361.5,373.18,40031730,14729685626.4,,
2021-10-20,371.83,371.97,367.1,370.16,27537590,10172889099.5,,
2021-10-21,368.2,371.14,363.2,364.6,24501070,8989902917.2,,
2021-10-22,364.0,370.39,362.37,364.37,26378840,9671339875.3,,
2021-10-25,366.2,371.7,361.68,369.99,35639850,13114090088.6,,
2021-10-26,369.89,374.63,365.66,372.16,41833770,15483820091.2,,
2021-10-27,371.0,374.0,366.51,371.36,36450620,13495141235.6,,
2021-10-28,370.5,374.92,362.32,365.36,53892680,19761549155.8,,
2021-10-29,364.34,364.34,352.68,356.14,53541990,19154550770.8,,
2021-11-01,356.15,371.47,356.14,370.96,55134640,20108431916.7,,
2021-11-02,371.0,374.0,367.2,370.7,37723170,13981183328.4,,
2021-11-03,370.0,370.5,365.03,370.13,30876610,11354869140.4,,
2021-11-05,366.99,367.56,358.5,360.21,39229740,14225056249.1,,
2021-11-08,362.57,363.97,355.6,358.39,39736440,14278009375.4,,
2021-11-09,358.41,364.58,355.6,357.44,41718590,15004411479.7,,
2021-11-10,356.7,358.8,348.0,348.65,46558110,16457699088.7,,
2021-11-11,350.11,357.89,347.22,356.24,42915840,15179150045.5,,
2021-11-12,356.24,356.37,339.68,347.59,100682800,34892222884.6,,
2021-11-15,349.24,352.8,342.76,344.39,59973490,20797457060.0,,
2021-11-16,345.99,346.47,336.01,337.91,61972880,21039571887.2,,
2021-11-17,338.49,343.57,336.6,339.89,49773710,16942009572.1,,
2021-11-18,338.97,343.12,333.5,336.93,47124100,15961631248.7,,
2021-11-19,339.37,339.99,325.7,327.56,67114710,22189185221.3,,
2021-11-22,326.05,326.39,306.67,309.15,144394030,45563102260.6,,
2021-11-23,306.28,327.01,300.1,326.84,144887010,45736605718.3,,
2021-11-24,328.0,329.97,317.35,321.22,77919580,25081449461.2,,
2021-11-25,322.35,322.96,316.11,317.29,44075230,14063418089.7,,
2021-11-26,307.14,312.0,303.22,304.42,90702260,27859460736.9,,
2021-11-29,311.11,322.15,309.42,316.57,82626540,26132483041.5,,
2021-11-30,311.0,318.58,310.09,315.0,98214880,31025495218.6,,
2021-12-01,321.3,329.44,319.51,324.4,69948230,22750927797.6,,
2021-12-02,325.4,329.0,320.54,326.8,61450200,19963662877.3,,
2021-12-03,327.6,328.95,318.4,320.66,43107850,13947718236.0,,
2021-12-06,322.0,324.16,304.18,307.5,99688200,30901866910.3,,
2021-12-07,307.14,313.03,300.5,309.79,154172870,47159021183.1,,
2021-12-08,310.99,316.88,291.57,296.95,241043180,72512692906.7,,
2021-12-09,297.49,304.94,292.5,300.4,133933650,40274844717.3,,
2021-12-10,300.5,304.28,294.43,297.44,82046160,24474375346.8,,
2021-12-13,298.23,300.99,280.08,280.64,146312930,42131944975.3,,
2021-12-14,280.2,286.09,261.5,284.9,176483200,49218627449.7,,
2021-12-15,284.9,287.79,279.44,286.65,87523240,24828431135.5,,
2021-12-16,287.7,298.7,286.2,295.89,134813120,39668733059.0,,
2021-12-17,295.0,296.73,291.61,294.9,109770570,32344386589.0,,
2021-12-20,293.11,293.11,285.63,288.4,79679000,22970334237.0,,
2021-12-21,289.8,293.4,286.76,291.7,64934720,18815016922.5,,
2021-12-22,291.8,297.23,289.23,294.0,63860480,18764947636.7,,
2021-12-23,294.68,298.1,291.26,292.8,55534990,16328921885.0,,
2021-12-24,292.92,294.18,289.0,293.89,37671250,11004253897.8,,
2021-12-27,294.76,296.0,293.37,295.68,35734540,10535286767.5,,
2021-12-28,295.84,297.55,294.18,295.0,37859030,11199396831.3,,
2021-12-29,295.05,295.55,291.33,293.51,37673290,11041565007.2,,
2021-12-30,293.6,294.89,291.52,293.49,42567960,12484601229.1,,
2022-01-03,295.9,305.5,294.34,305.47,50183170,15116470365.3,,
2022-01-04,305.51,310.1,301.63,304.24,53270410,16277165930.5,,
2022-01-05,303.72,304.26,287.0,287.01,70017630,20740935491.0,,
2022-01-06,286.6,295.1,281.0,293.92,79380930,23128604540.0,,
2022-01-07,,,,,0,0.0,,
2022-01-10,295.52,298.88,288.68,291.69,67426550,19757691963.7,,
2022-01-11,293.4,293.94,288.71,291.88,58921530,17141880062.9,,
2022-01-12,292.82,292.92,285.05,290.4,81822450,23674409517.2,,
2022-01-13,289.56,290.37,269.9,272.5,211556190,58998956306.5,,
2022-01-14,272.39,277.98,249.2,261.0,406253690,105840690373.5,,
2022-01-17,262.15,264.01,247.0,257.78,248689250,63249791802.6,,
2022-01-18,258.8,259.39,228.09,234.7,484056480,115765833652.0,,
2022-01-19,232.9,249.0,221.03,244.86,360958990,86623311717.5,,
2022-01-20,244.17,263.0,240.01,254.61,329113650,82793764163.4,,
2022-01-21,252.99,259.08,246.0,246.9,295690670,74378247142.4,,
2022-01-24,246.51,249.88,226.0,236.97,325829650,76615666498.0,,
2022-01-25,237.0,243.55,231.0,239.59,232596970,55146749879.2,,
2022-01-26,240.5,245.17,233.3,236.9,224840650,53688065880.5,,
2022-01-27,235.0,260.0,233.1,254.29,301306340,75092074862.5,,
2022-01-28,255.87,262.0,252.02,257.82,204180270,52531847944.2,,
2022-01-31,258.98,269.6,258.81,269.42,156175080,41439465846.6,,
2022-02-01,269.72,273.1,260.56,264.7,170396140,45265999275.4,,
2022-02-02,265.88,266.91,254.52,261.0,170215080,44266555958.2,,
2022-02-03,258.45,259.87,250.06,250.79,151173100,38264109218.8,,
2022-02-04,251.99,259.74,251.91,256.53,127035170,32465015937.6,,
2022-02-07,256.99,260.53,253.52,257.61,85586640,21984857622.9,,
2022-02-08,257.6,269.9,256.52,269.8,161506220,42797055854.6,,
2022-02-09,270.01,279.71,270.0,279.09,193575010,53580134334.3,,
2022-02-10,279.2,282.3,273.67,275.2,180148360,49971152910.0,,
2022-02-11,274.9,275.87,259.61,260.83,213954390,57202046478.0,,
2022-02-14,256.69,259.5,245.1,256.7,357654570,90439846224.3,,
2022-02-15,257.89,274.0,257.51,274.0,271518670,72536855943.8,,
2022-02-16,276.88,281.0,274.15,277.78,195822410,54327320546.5,,
2022-02-17,277.0,277.0,259.36,260.58,262088700,69639981675.4,,
2022-02-18,262.13,267.0,245.0,250.28,270594740,69033777422.6,,
2022-02-21,249.15,258.32,184.3,201.0,1084508440,238583656296.9,,
2022-02-22,198.72,219.9,182.03,208.53,946020570,188663299795.8,,
2022-02-23,,,,,0,0.0,,
2022-02-24,187.54,187.54,89.59,132.18,829355880,98281399197.4,,
2022-02-25,123.75,152.89,115.11,131.12,396287150,51769813725.2,,
2022-02-28,,,,,0,0.0,,
2022-03-01,,,,,0,0.0,,
2022-03-02,,,,,0,0.0,,
2022-03-03,,,,,0,0.0,,
2022-03-04,,,,,0,0.0,,
2022-03-09,,,,,0,0.0,,
2022-03-10,,,,,0,0.0,,
2022-03-11,,,,,0,0.0,,
2022-03-14,,,,,0,0.0,,
2022-03-15,,,,,0,0.0,,
2022-03-16,,,,,0,0.0,,
2022-03-17,,,,,0,0.0,,
2022-03-18,,,,,0,0.0,,
2022-03-21,,,,,0,0.0,,
2022-03-22,,,,,0,0.0,,
2022-03-23,,,,,0,0.0,,
2022-03-24,131.0,156.2,130.15,136.24,159464350,22692069361.4,,
2022-03-25,137.0,147.0,128.2,131.5,57662950,7725368187.0,,
2022-03-28,130.6,131.47,125.0,125.0,33212430,4203874797.0,,
2022-03-29,126.16,137.57,122.0,128.77,72338740,9470337365.6,,
2022-03-30,136.89,138.4,131.11,134.6,35675450,4754053635.4,,
2022-03-31,135.25,147.41,134.52,143.69,118425000,16669448877.5,,
2022-04-01,145.0,155.4,144.51,154.5,118880720,18022334419.5,,
2022-04-04,158.76,166.88,150.2,166.0,115938910,18622917617.7,,
2022-04-05,169.83,169.9,147.76,154.1,130342790,20715568335.3,,
2022-04-06,143.51,153.3,140.65,141.6,109040410,16064065136.0,,
2022-04-07,143.1,149.9,142.5,147.5,58839040,8603867601.8,,
2022-04-08,149.05,151.0,141.06,143.72,48450590,7042432416.5,,
2022-04-11,144.09,146.98,138.5,138.69,47575830,6769147874.0,,
2022-04-12,138.84,140.1,130.35,135.38,75388800,10068815929.1,,
2022-04-13,136.78,138.14,132.72,135.5,39087840,5281816161.7,,
2022-04-14,135.85,135.89,129.05,129.05,44368360,5854258707.0,,
2022-04-15,128.55,131.72,125.12,130.88,46772550,6025059285.1,,
2022-04-18,131.41,132.68,123.7,123.85,58500600,7419239922.5,,
2022-04-19,123.85,123.85,115.36,120.3,79905700,9552876654.9,,
2022-04-20,121.0,125.44,117.51,121.5,66603200,8136201185.3,,
2022-04-21,121.97,123.05,117.85,118.65,40648560,4864876092.9,,
2022-04-22,118.65,122.32,115.55,116.97,57466590,6798689067.5,,
2022-04-25,116.0,116.4,111.5,111.9,45811390,5179109798.5,,
2022-04-26,112.58,124.92,111.9,122.36,83540530,9832906106.8,,
2022-04-27,123.0,131.73,120.6,131.11,115500050,14832382819.5,,
2022-04-28,132.14,134.5,123.05,123.85,123541890,16007384988.2,,
2022-04-29,123.67,130.0,122.8,128.8,87366110,11075903085.1,,
2022-05-04,129.1,131.5,122.5,123.2,67289000,8444076353.1,,
2022-05-05,124.21,125.54,122.75,124.8,42383000,5266724459.4,,
2022-05-06,124.74,124.99,121.52,123.1,30602500,3758705967.7,,
2022-05-11,123.0,126.05,121.86,123.34,32870440,4074118445.5,,
2022-05-12,123.1,123.74,118.05,119.15,30846460,3736761907.6,,
2022-05-13,120.45,121.59,118.2,120.2,22838020,2743261781.4,,
2022-05-16,120.9,123.5,119.5,123.41,34940660,4270982372.6,,
2022-05-17,124.0,127.78,123.65,127.75,41963590,5288189358.3,,
2022-05-18,128.2,131.3,125.0,125.12,55565940,7149065642.2,,
2022-05-19,125.31,126.86,123.21,125.6,34246550,4282808065.6,,
2022-05-20,126.06,127.0,121.05,122.2,39288280,4854130253.9,,
2022-05-23,121.5,122.5,118.9,119.46,37976200,4587986948.8,,
2022-05-24,119.45,125.0,117.1,123.6,45164830,5467479952.3,,
2022-05-25,124.11,125.5,120.5,124.15,53511900,6588459652.6,,
2022-05-26,124.8,125.99,122.0,123.0,51985140,6438132740.8,,
2022-05-27,123.0,123.5,120.9,121.22,32685350,3981861287.2,,
2022-05-30,121.6,123.0,120.21,120.67,24957710,3035846751.9,,
2022-05-31,120.0,120.0,117.62,118.3,29983170,3557831216.3,,
2022-06-01,117.5,122.69,117.0,121.97,43785040,5296798375.3,,
2022-06-02,121.9,122.39,118.5,119.0,42769900,5125256938.4,,
2022-06-03,119.29,120.16,117.18,119.21,34341530,4067212982.5,,
2022-06-06,119.26,120.35,118.29,118.78,22281970,2652231034.2,,
2022-06-07,118.68,118.9,117.32,118.32,22274020,2629117760.2,,
2022-06-08,118.51,122.19,118.4,119.9,41514970,5003858591.9,,
2022-06-09,120.0,120.2,117.7,118.2,29371970,3477327986.1,,
2022-06-10,118.03,119.55,117.73,118.07,25373000,3006397517.2,,
2022-06-14,118.03,119.88,115.8,118.98,37690460,4454820677.7,,
2022-06-15,119.4,121.71,118.71,121.14,52262500,6293254524.8,,
2022-06-16,121.5,123.73,120.41,123.73,47921410,5865468454.0,,
2022-06-17,123.97,125.18,123.11,123.88,36608520,4542499796.0,,
2022-06-20,124.1,131.5,123.6,131.29,65683460,8358193641.7,,
2022-06-21,131.98,133.49,127.11,129.1,75565750,9779358224.0,,
2022-06-22,127.88,133.21,126.03,133.11,67799070,8798787966.1,,
2022-06-23,133.9,138.4,131.5,136.85,108118920,14709729514.2,,
2022-06-24,137.16,138.3,135.21,137.76,45254820,6186219567.5,,
2022-06-27,137.7,141.77,136.77,141.15,69963540,9812403018.2,,
2022-06-28,141.75,142.35,138.5,139.99,54863240,7675925017.5,,
2022-06-29,139.8,139.89,132.75,132.8,55164310,7517497903.8,,
2022-06-30,132.5,135.44,123.55,125.2,91499020,11774451572.6,,
2022-07-01,124.13,132.0,122.5,129.91,60628570,7809271635.9,,
2022-07-04,129.0,132.8,127.16,131.43,48006990,6244209442.1,,
2022-07-05,132.0,135.7,131.43,133.5,51662270,6901128618.2,,
2022-07-06,133.5,137.1,132.5,134.0,47075440,6371451571.2,,
2022-07-07,134.0,135.2,131.22,133.09,43059280,5736860567.7,,
2022-07-08,133.15,133.98,130.9,133.3,27635050,3656551234.1,,
2022-07-11,132.8,133.9,126.42,126.8,53725410,6951759089.7,,
2022-07-12,126.5,129.35,124.2,129.0,57254290,7276446907.2,,
2022-07-13,129.8,129.95,125.36,126.0,45932640,5838157717.2,,
2022-07-14,125.97,128.0,124.61,125.9,41704620,5273758237.4,,
2022-07-15,126.06,129.44,125.27,128.9,44954140,5725166716.2,,
2022-07-18,130.0,130.64,127.25,128.11,35478100,4560441171.4,,
2022-07-19,128.0,128.11,125.51,127.76,32381170,4101676311.8,,
2022-07-20,128.12,129.2,126.16,126.44,34762350,4450301742.2,,
2022-07-21,126.44,126.83,122.24,125.48,53633030,6674132987.5,,
2022-07-22,125.5,129.1,125.03,128.82,46478250,5934551084.8,,
2022-07-25,128.9,132.0,127.24,131.45,55990880,7278558481.8,,
2022-07-26,132.02,133.9,131.0,132.9,50351100,6674121413.4,,
2022-07-27,132.9,134.79,131.62,132.5,42526820,5666320132.8,,
2022-07-28,133.01,133.49,130.1,131.72,40102900,5270874128.5,,
2022-07-29,131.65,132.75,130.31,131.9,27788260,3657277546.3,,
2022-08-01,131.77,131.77,127.34,127.34,44322900,5733440411.9,,
2022-08-02,126.6,128.44,125.6,127.53,44006150,5597372358.7,,
2022-08-03,128.05,129.15,126.27,126.85,30948110,3954448973.2,,
2022-08-04,126.94,128.13,126.16,126.95,19560540,2486974528.6,,
2022-08-05,127.5,127.58,122.24,122.4,61176570,7580630330.2,,
2022-08-08,126.11,127.38,123.51,123.81,53664860,6717450630.0,,
2022-08-09,123.9,126.5,122.3,126.4,37919970,4714973255.6,,
2022-08-10,126.25,127.29,124.87,126.2,31939910,4026159269.7,,
2022-08-11,126.97,126.97,123.07,123.45,30949210,3873147168.4,,
2022-08-12,123.46,124.98,122.6,124.88,27223160,3377655734.9,,
2022-08-15,124.56,125.7,123.28,125.0,25355480,3150239987.1,,
2022-08-16,125.2,126.86,124.53,126.39,27290920,3439359278.0,,
2022-08-17,126.58,127.44,124.5,124.5,32888950,4134398010.8,,
2022-08-18,124.39,126.5,123.92,126.3,25415410,3189014037.0,,
2022-08-19,126.3,126.36,124.72,125.2,18676990,2339575284.4,,
2022-08-22,125.0,126.69,124.7,126.06,24510110,3083949126.3,,
2022-08-23,126.06,130.49,126.01,130.38,65419130,8448692324.8,,
2022-08-24,130.6,131.64,127.85,128.15,45833690,5940974237.7,,
2022-08-25,128.15,129.81,127.1,128.18,36067720,4630467612.5,,
2022-08-26,128.02,130.5,127.62,130.4,32879870,4251007186.7,,
2022-08-29,130.12,131.4,129.52,131.17,40911490,5342794309.5,,
2022-08-30,131.17,132.6,129.65,130.05,51084490,6706724051.1,,
2022-08-31,132.3,138.34,131.5,134.25,107450510,14439588088.8,,
2022-09-01,133.99,138.22,132.02,138.2,54942470,7406741299.8,,
2022-09-02,138.8,144.9,136.22,143.8,136891810,19355155393.0,,
2022-09-05,143.5,145.1,139.11,141.0,87603050,12371122690.1,,
2022-09-06,140.9,141.07,135.22,137.23,86674520,11990944909.2,,
2022-09-07,136.96,139.19,135.41,136.86,60753730,8339250748.2,,
2022-09-08,136.69,137.4,134.0,134.51,57744420,7829982200.8,,
2022-09-09,134.41,138.47,134.23,138.15,49115280,6696870325.8,,
2022-09-12,137.07,140.37,136.8,138.7,52610620,7304865311.8,,
2022-09-13,138.7,139.37,136.15,137.0,44582700,6135930533.9,,
2022-09-14,136.6,139.29,135.2,138.9,62838520,8599239020.7,,
2022-09-15,139.15,140.28,137.61,139.48,56243810,7819974773.2,,
2022-09-16,139.37,141.39,136.8,137.73,71799280,9983110793.7,,
2022-09-19,137.4,139.08,137.07,138.04,33272190,4590344282.8,,
2022-09-20,137.87,138.35,122.42,125.1,208947780,27120994882.9,,
2022-09-21,112.5,123.98,109.27,120.23,136625430,16327145213.9,,
2022-09-22,120.25,126.95,120.25,124.31,117479960,14562188054.0,,
2022-09-23,124.49,124.5,117.35,119.39,85906070,10311649883.2,,
2022-09-26,114.0,117.99,105.0,107.06,148638170,16617787749.1,,
2022-09-27,110.0,113.89,107.07,112.92,90981060,10025188385.2,,
2022-09-28,112.0,115.2,109.13,111.06,77969660,8720766869.9,,
2022-09-29,111.59,112.2,107.68,110.41,67487760,7411211658.2,,
2022-09-30,111.0,113.4,103.4,110.21,133569040,14569420124.9,,
2022-10-03,110.62,114.65,109.0,114.35,73960960,8280923624.7,,
2022-10-04,115.06,115.5,110.3,110.55,83564680,9371218814.4,,
2022-10-05,110.49,110.49,106.25,108.51,90416920,9776634296.1,,
2022-10-06,108.65,110.38,107.57,108.24,51741480,5630301035.4,,
2022-10-07,107.7,108.48,101.3,101.5,90989490,9560941533.5,,
2022-10-10,96.55,106.77,96.5,106.71,117465350,12100541809.1,,
2022-10-11,106.5,108.3,104.26,107.72,76962080,8212972233.2,,
2022-10-12,108.27,108.5,105.25,105.9,63378400,6748220830.6,,
2022-10-13,105.72,107.3,104.8,106.5,46849810,4973132486.8,,
2022-10-14,106.92,109.19,105.69,107.78,52565400,5631814421.3,,
2022-10-17,107.93,112.76,107.65,112.44,78496550,8680124454.5,,
2022-10-18,113.05,114.37,110.48,110.88,101854810,11468880403.2,,
2022-10-19,110.12,112.93,109.3,112.39,90693010,10047779304.8,,
2022-10-20,112.75,117.2,112.37,116.98,100723600,11611619802.2,,
2022-10-21,116.93,119.94,114.37,119.45,102382050,11996337348.7,,
2022-10-24,120.15,121.68,117.65,118.8,74539310,8899628781.0,,
2022-10-25,118.84,125.2,118.3,124.36,114156750,13988406291.3,,
2022-10-26,124.7,126.88,122.1,124.43,108495360,13490587416.3,,
2022-10-27,124.75,127.5,123.68,126.61,87915140,11099070231.0,,
2022-10-28,126.14,127.25,124.6,126.97,73660000,9289876913.2,,
2022-10-31,127.2,128.6,125.41,126.72,60762870,7705148783.6,,
2022-11-01,127.2,127.97,126.12,127.05,36820880,4678424679.9,,
2022-11-02,127.06,127.74,123.75,125.49,40216620,5091797153.1,,
2022-11-03,125.4,126.1,123.91,125.75,47720130,5968383629.5,,
2022-11-07,127.09,132.0,126.5,132.0,91709630,11884172361.2,,
2022-11-08,132.0,133.11,130.1,131.29,69556040,9132676225.5,,
2022-11-09,131.06,131.47,126.42,127.3,64961510,8392114411.7,,
2022-11-10,131.0,136.69,129.77,136.68,171748310,22986670666.3,,
2022-11-11,137.9,138.42,135.13,136.98,75710240,10343394282.0,,
2022-11-14,137.5,140.7,135.83,139.8,82521030,11457421132.4,,
2022-11-15,140.49,141.0,130.86,135.66,145543250,19905669470.0,,
2022-11-16,136.99,139.73,136.32,139.18,67090170,9275650502.9,,
2022-11-17,139.09,140.35,136.6,137.57,59160240,8183196558.2,,
2022-11-18,137.08,137.81,135.84,136.89,44076540,6017150012.2,,
2022-11-21,136.01,136.3,132.51,134.46,83599930,11204179692.7,,
2022-11-22,134.55,136.0,133.81,135.65,45822990,6185848298.4,,
2022-11-23,135.7,137.55,134.5,136.59,52302020,7131237802.3,,
2022-11-24,137.0,138.41,136.12,136.61,42388720,5825797012.7,,
2022-11-25,137.2,137.24,135.41,136.53,29618830,4032240523.4,,
2022-11-28,135.02,136.2,134.1,135.53,45275110,6119857086.1,,
2022-11-29,136.29,137.2,135.88,136.37,31648090,4322432923.7,,
2022-11-30,136.5,136.78,135.23,136.78,26816190,3645274279.8,,
2022-12-01,137.1,137.95,136.31,137.15,33056500,4528220086.5,,
2022-12-02,136.99,137.1,136.17,136.66,19261670,2631801491.3,,
2022-12-05,136.66,142.68,136.25,142.0,103930500,14626342206.0,,
2022-12-06,142.2,143.37,139.11,140.61,51823300,7320200569.4,,
2022-12-07,140.5,142.81,138.36,142.32,69885670,9820959841.6,,
2022-12-08,143.5,143.6,139.8,139.92,64056510,9051030863.8,,
2022-12-09,139.7,140.7,139.24,140.03,29441490,4121787838.9,,
2022-12-12,140.19,140.87,138.7,139.48,33477470,4674567348.3,,
2022-12-13,139.67,139.93,136.67,138.13,52200510,7204347001.0,,
2022-12-14,138.28,138.28,136.6,137.3,34074890,4682726701.5,,
2022-12-15,136.99,137.08,134.3,134.55,54791650,7425601043.9,,
2022-12-16,134.5,136.09,134.13,135.45,32802120,4438893679.0,,
2022-12-19,135.13,136.73,132.86,134.64,58826130,7922461200.5,,
2022-12-20,134.51,138.4,134.41,138.28,45017120,6164921383.7,,
2022-12-21,138.7,139.12,135.81,137.75,45542340,6272681336.7,,
2022-12-22,137.99,138.97,137.0,137.69,30562140,4219452712.4,,
2022-12-23,137.49,138.26,136.81,137.94,22908110,3151110861.8,,
2022-12-26,138.33,141.0,138.0,140.95,49379370,6912819148.3,,
2022-12-27,141.31,142.0,139.6,139.9,41654530,5856965521.6,,
2022-12-28,139.73,140.4,138.6,139.51,28045010,3911970512.0,,
2022-12-29,139.5,141.65,139.22,140.96,32059860,4513089042.4,,
2022-12-30,140.8,141.48,140.13,141.15,28175080,3968971100.4,,
2023-01-03,141.6,143.25,141.56,141.78,21098550,3000247965.4,,
2023-01-04,141.85,142.28,140.75,141.43,17112740,2419428972.3,,
2023-01-05,141.6,141.84,140.54,141.27,17245300,2435171391.9,,
2023-01-06,141.39,141.62,140.9,141.4,10657600,1504730792.2,,
2023-01-09,141.83,142.99,141.65,142.4,31449160,4480148303.4,,
2023-01-10,142.1,142.85,141.31,142.81,23718180,3368938055.0,,
2023-01-11,142.97,149.98,142.87,149.96,123147040,18097145617.6,,
2023-01-12,150.02,150.79,148.39,149.3,46789300,6982668294.2,,
2023-01-13,149.58,153.28,147.71,151.69,88520210,13374657598.8,,
2023-01-16,152.89,154.0,151.88,153.71,51753920,7920014161.8,,
2023-01-17,154.0,154.31,150.01,150.45,84404770,12790444010.5,,
2023-01-18,150.4,153.0,149.41,151.47,67511970,10235015056.8,,
2023-01-19,151.2,152.85,148.56,149.34,66813960,10027708961.8,,
2023-01-20,149.7,151.4,148.64,151.38,44254820,6633881321.1,,
2023-01-23,151.9,154.1,151.01,153.5,55198870,8453400896.7,,
2023-01-24,153.95,155.58,152.28,152.66,78734130,12126204920.9,,
2023-01-25,152.45,153.6,151.5,152.81,43376700,6613609683.1,,
2023-01-26,153.32,154.3,151.73,152.4,45513320,6966980467.7,,
2023-01-27,152.4,153.48,151.69,153.2,34123690,5213964676.6,,
2023-01-30,153.5,153.88,152.21,153.38,31105220,4760702156.6,,
2023-01-31,153.51,158.18,153.3,158.07,77890320,12127748512.5,,
2023-02-01,158.2,159.6,156.5,158.29,66332200,10480709146.9,,
2023-02-02,158.4,160.29,157.37,159.45,53866380,8572049477.0,,
2023-02-03,159.1,162.32,157.88,161.26,63735330,10193999216.9,,
2023-02-06,161.78,167.17,161.01,167.09,89083530,14666403495.3,,
2023-02-07,167.3,168.7,163.4,165.39,92661570,15345906260.6,,
2023-02-08,165.0,166.35,162.7,164.15,58669030,9652989000.6,,
2023-02-09,164.33,167.47,161.27,165.31,107139220,17608882957.8,,
2023-02-10,165.0,166.49,164.5,165.52,40924680,6774229866.8,,
2023-02-13,165.2,166.88,164.17,164.32,36212200,5995183185.7,,
2023-02-14,164.3,164.38,161.64,161.86,58832960,9574244266.6,,
2023-02-15,160.94,161.12,153.83,156.25,113804160,17992861042.9,,
2023-02-16,157.33,159.3,156.25,158.22,68549280,10824261902.6,,
2023-02-17,158.0,160.38,156.91,159.73,52179940,8295150283.0,,
2023-02-20,159.41,161.3,156.73,160.09,63971610,10151613700.1,,
2023-02-21,160.66,165.65,159.26,164.15,127422480,20810057510.7,,
2023-02-22,164.13,164.42,162.5,163.37,43772430,7150966488.1,,
2023-02-24,163.33,165.5,163.1,164.3,37727230,6199625787.6,,
2023-02-27,163.52,170.0,162.96,169.95,100133280,16780738615.2,,
2023-02-28,170.5,171.92,168.37,169.82,80748140,13727277947.9,,
2023-03-01,170.4,171.66,169.5,170.53,53784730,9167860118.1,,
2023-03-02,170.4,170.4,166.55,168.05,86095640,14517746431.3,,
2023-03-03,168.17,171.26,167.9,171.16,49566770,8415476818.0,,
2023-03-06,172.14,172.99,171.35,171.84,64585290,11111583412.4,,
2023-03-07,171.87,174.2,171.0,174.01,55287380,9555925415.8,,
2023-03-09,174.85,174.89,172.21,172.55,80393110,13943157257.4,,
2023-03-10,171.55,173.0,170.58,172.53,50256970,8636905460.0,,
2023-03-13,172.5,173.9,169.26,172.15,74032280,12709525433.5,,
2023-03-14,171.61,176.95,171.01,175.71,89325670,15601317280.3,,
2023-03-15,176.0,177.37,173.59,175.3,79930290,14010359713.1,,
2023-03-16,174.94,176.04,173.36,175.45,51534160,8999771334.6,,
2023-03-17,183.0,193.66,178.56,193.59,388164850,72487640689.1,,
2023-03-20,196.02,205.09,195.0,203.73,156714250,31309861829.0,,
2023-03-21,204.76,208.0,201.25,203.32,122583960,25112540900.7,,
2023-03-22,203.4,204.4,201.59,202.89,57568140,11679333494.7,,
2023-03-23,202.53,204.2,202.22,202.58,26650230,5415399866.5,,
2023-03-24,202.86,203.85,202.0,203.57,24325540,4939230840.9,,
2023-03-27,204.01,213.2,204.01,211.84,101521380,21191264384.4,,
2023-03-28,212.86,214.7,210.67,214.03,73901050,15726501741.8,,
2023-03-29,214.85,219.53,213.6,217.99,96682530,20980171180.8,,
2023-03-30,217.3,218.45,216.12,216.87,40886950,8884287057.7,,
2023-03-31,217.2,217.35,211.3,216.6,88081360,18878992953.8,,
2023-04-03,218.45,219.44,214.8,216.09,55175630,11951820883.8,,
2023-04-04,216.2,217.29,213.8,214.83,45803380,9882799399.6,,
2023-04-05,214.65,216.3,211.4,216.15,46177490,9891663991.7,,
2023-04-06,216.3,217.38,214.07,214.25,39061450,8425126719.9,,
2023-04-07,214.5,216.39,213.65,216.27,29198130,6286417581.4,,
2023-04-10,217.1,222.26,216.61,222.21,85196000,18737869518.4,,
2023-04-11,222.9,223.33,217.62,218.6,98538370,21743759463.1,,
2023-04-12,218.6,219.7,216.67,219.22,44767540,9773616806.2,,
2023-04-13,219.49,220.89,218.0,219.85,32672160,7159179734.3,,
2023-04-14,220.0,222.5,218.51,221.87,43316040,9554306584.3,,
2023-04-17,222.98,228.2,222.91,228.1,78797270,17756638468.9,,
2023-04-18,227.89,232.76,227.05,232.66,97770120,22454901978.8,,
2023-04-19,232.67,237.37,231.1,232.95,115713300,27097765520.1,,
2023-04-20,233.32,236.47,229.84,236.28,85093750,19879696925.7,,
2023-04-21,237.4,238.85,233.52,235.17,115905760,27370731655.4,,
2023-04-24,235.07,236.4,234.1,235.1,30536770,7185358111.2,,
2023-04-25,235.13,235.82,234.21,235.3,32187450,7565048264.5,,
2023-04-26,235.6,235.95,234.91,235.21,24430320,5751047264.4,,
2023-04-27,235.59,240.74,235.13,240.38,68311610,16307607839.2,,
2023-04-28,240.9,241.58,237.66,240.38,49583350,11892356487.7,,
2023-05-02,242.2,245.0,237.4,242.62,83957810,20364151649.6,,
2023-05-03,242.85,242.99,234.0,235.77,76827180,18372320194.5,,
2023-05-04,236.89,239.74,236.05,238.89,53079590,12637521165.2,,
2023-05-05,239.24,240.66,237.3,237.7,61366140,14683897982.1,,
2023-05-08,238.69,239.86,237.36,238.27,47865890,11420605923.6,,
2023-05-10,216.5,227.5,215.7,227.06,156874740,34751930179.7,,
2023-05-11,228.87,235.38,223.94,229.32,197302410,45532596380.3,,
2023-05-12,231.0,232.47,226.15,229.29,70528170,16140281925.4,,
2023-05-15,230.51,231.75,228.52,231.7,49090190,11295223379.6,,
2023-05-16,232.4,232.86,229.57,230.62,36613690,8446678565.3,,
2023-05-17,229.86,230.97,228.75,230.55,31770380,7300922562.3,,
2023-05-18,231.7,234.49,230.72,231.7,56228190,13063333221.1,,
2023-05-19,230.99,232.3,229.81,231.27,31639980,7309847108.3,,
2023-05-22,232.2,232.78,230.0,231.0,26487190,6122461335.3,,
2023-05-23,231.25,237.29,230.21,236.43,63010540,14730893977.2,,
2023-05-24,237.49,246.13,236.26,246.06,86011970,20714536176.6,,
2023-05-25,246.1,247.4,242.65,243.76,70882360,17342598158.4,,
2023-05-26,243.45,249.64,242.81,248.1,69202730,17064289810.3,,
2023-05-29,249.78,252.59,248.85,251.18,67999610,17017721478.8,,
2023-05-30,248.84,250.85,243.8,244.65,83533260,20681901312.6,,
2023-05-31,244.0,247.18,240.27,246.17,72912500,17794062792.6,,
2023-06-01,247.0,247.0,240.57,241.66,52046910,12670513593.5,,
2023-06-02,242.0,245.5,240.77,243.95,46542940,11331232122.6,,
2023-06-05,243.51,244.15,235.1,237.12,78742190,18897132269.5,,
2023-06-06,235.92,242.1,232.54,240.91,100640180,23816658058.8,,
2023-06-07,241.2,244.39,238.56,241.25,63130930,15268682081.7,,
2023-06-08,241.3,242.78,239.55,241.77,29945470,7222971807.9,,
2023-06-09,242.8,243.0,240.11,240.4,27569100,6659895379.3,,
2023-06-13,241.51,244.5,240.63,244.33,40551890,9863948131.0,,
2023-06-14,245.7,247.68,242.8,244.6,52205640,12822239153.4,,
2023-06-15,245.11,245.94,243.22,245.18,40063590,9807475223.8,,
2023-06-16,245.5,245.9,243.7,243.87,23441160,5729888135.6,,
2023-06-19,244.47,244.69,241.32,242.28,29844240,7239082414.0,,
2023-06-20,241.99,242.22,238.82,241.74,36621960,8820107717.8,,
2023-06-21,241.9,243.92,240.6,242.2,26830770,6509866591.4,,
2023-06-22,242.15,242.8,240.13,240.66,23136750,5590904541.9,,
2023-06-23,239.98,240.99,234.34,235.67,61886110,14736944961.5,,
2023-06-26,239.6,240.5,233.4,238.4,82016390,19509065518.1,,
2023-06-27,239.02,242.34,236.8,241.21,51466410,12350836600.0,,
2023-06-28,241.8,241.8,238.6,239.67,28310570,6793968901.0,,
2023-06-29,239.94,241.26,239.02,239.99,28192150,6771141228.4,,
2023-06-30,240.0,240.68,238.36,239.61,24051460,5759887900.0,,
2023-07-03,240.0,244.56,239.15,243.33,47333310,11469844958.6,,
2023-07-04,243.4,243.78,240.61,240.7,41561500,10055387487.4,,
2023-07-05,241.49,241.9,240.24,240.95,19972080,4814047501.4,,
2023-07-06,241.47,242.47,240.71,240.96,23260340,5618736214.0,,
2023-07-07,241.49,243.75,240.7,243.67,30275210,7332444797.9,,
2023-07-10,244.21,249.45,244.2,249.4,65076680,16071729444.1,,
2023-07-11,250.01,250.2,246.51,247.99,49590820,12299322430.2,,
2023-07-12,248.4,249.2,246.1,247.52,39316540,9753032391.9,,
2023-07-13,247.97,248.15,245.34,246.19,29561460,7288359089.4,,
2023-07-14,246.32,247.05,244.51,246.45,25661560,6311038243.1,,
2023-07-17,244.77,246.2,243.6,245.39,36193390,8878816493.1,,
2023-07-18,245.8,247.5,245.26,246.77,36008340,8881118332.9,,
2023-07-19,247.25,248.1,245.0,245.85,31451760,7752930513.8,,
2023-07-20,246.27,246.27,242.15,242.7,36027010,8801178563.7,,
2023-07-21,243.18,244.53,241.7,244.13,32271770,7857419374.2,,
2023-07-24,244.0,245.85,243.52,244.87,19769440,4841185545.1,,
2023-07-25,245.48,247.77,244.81,247.2,39733390,9802524256.7,,
2023-07-26,247.2,248.33,245.9,247.05,26119270,6452766655.3,,
2023-07-27,247.5,249.3,247.24,247.95,39793470,9888953807.4,,
2023-07-28,248.0,249.45,246.67,249.25,35776620,8882595853.3,,
2023-07-31,251.33,267.77,251.33,267.4,167914420,43588329451.2,,
2023-08-01,269.0,273.35,264.1,268.5,162988910,43867907028.7,,
2023-08-02,268.5,269.97,266.52,268.57,48418320,12994793534.9,,
2023-08-03,269.0,271.35,266.8,269.11,75757120,20410042951.8,,
2023-08-04,269.48,272.96,261.21,264.12,132212230,35356837729.0,,
2023-08-07,266.54,268.09,260.5,261.92,61531090,16298932253.3,,
2023-08-08,261.92,265.44,258.8,264.62,65114820,17041697177.0,,
2023-08-09,265.47,265.8,263.05,263.91,34994150,9249536249.7,,
2023-08-10,264.73,267.5,263.96,266.91,37292060,9917152046.2,,
2023-08-11,267.26,267.4,264.8,266.23,24846460,6609842078.6,,
2023-08-14,267.37,268.77,259.15,260.45,86724810,22902790188.0,,
2023-08-15,259.0,264.17,256.63,260.42,59232630,15503423730.3,,
2023-08-16,261.29,261.68,254.33,256.02,71823620,18480740234.3,,
2023-08-17,257.15,258.8,255.5,258.5,35937920,9242381700.9,,
2023-08-18,258.4,261.37,257.35,261.14,31064600,8050824110.9,,
2023-08-21,262.44,263.06,259.51,261.15,35766040,9346055970.9,,
2023-08-22,261.92,262.11,259.81,261.45,25953320,6769122940.9,,
2023-08-23,261.5,261.83,256.0,256.4,53116160,13720905467.1,,
2023-08-24,257.63,259.94,256.4,259.63,26979270,6959479100.0,,
2023-08-25,258.8,261.6,257.61,260.5,28575150,7426717866.2,,
2023-08-28,261.32,267.83,260.81,266.93,57897070,15334069568.9,,
2023-08-29,266.7,267.56,265.14,265.68,35407330,9425505447.3,,
2023-08-30,265.68,267.36,263.1,264.7,38604380,10237031481.4,,
2023-08-31,265.04,266.25,264.3,264.85,22582290,5993343768.2,,
2023-09-01,265.4,265.62,264.06,265.0,19265170,5100561546.5,,
2023-09-04,266.5,269.11,266.0,267.39,48140770,12877036020.6,,
2023-09-05,266.74,267.98,261.09,264.75,39811860,10571300705.4,,
2023-09-06,264.33,264.68,262.31,263.5,28341890,7464966620.5,,
2023-09-07,263.69,264.97,256.1,258.79,67688600,17586948788.7,,
2023-09-08,258.08,259.33,253.1,255.68,49562810,12703139529.3,,
2023-09-11,257.0,258.37,255.16,256.25,43282460,11118810652.0,,
2023-09-12,257.7,262.4,257.09,262.4,45160820,11734500325.7,,
2023-09-13,262.4,262.77,257.59,258.18,30051360,7819067326.6,,
2023-09-14,258.9,261.38,255.02,260.0,46227900,11926823552.1,,
2023-09-15,259.65,262.74,258.56,260.83,35581630,9278013469.0,,
2023-09-18,262.02,263.0,258.76,259.07,29037560,7570774955.6,,
2023-09-19,258.99,259.32,251.5,252.72,89551540,22788038781.3,,
2023-09-20,252.8,255.47,249.82,253.77,66831270,16916624771.2,,
2023-09-21,252.87,254.2,249.81,250.16,58913730,14795034218.3,,
2023-09-22,249.85,253.1,248.62,251.99,40714900,10243374236.0,,
2023-09-25,252.0,253.49,249.83,252.65,31863690,8008924561.2,,
2023-09-26,252.13,257.17,250.9,255.87,42960400,10912472469.6,,
2023-09-27,256.2,257.85,254.63,256.1,27880630,7148789525.8,,
2023-09-28,256.4,258.25,255.5,257.67,26331160,6771650933.6,,
2023-09-29,258.0,262.59,256.71,260.72,68533310,17870619137.4,,
2023-10-02,261.37,261.92,257.03,258.98,35574470,9234131821.3,,
2023-10-03,258.99,260.5,257.23,259.65,23911430,6193849314.7,,
2023-10-04,259.0,260.39,258.24,259.53,18571620,4816207232.0,,
2023-10-05,260.7,261.39,258.26,259.38,23501620,6111704653.5,,
2023-10-06,259.77,263.4,257.86,262.93,32001280,8338546572.1,,
2023-10-09,263.0,265.97,263.0,265.25,45447720,12036758886.8,,
2023-10-10,264.89,265.18,257.0,263.0,34001290,8962447421.9,,
2023-10-11,263.3,263.99,259.5,260.21,29495790,7743000723.4,,
2023-10-12,260.0,264.5,259.66,264.5,27549160,7233267191.0,,
2023-10-13,264.89,265.04,262.7,263.51,18408670,4851837828.5,,
2023-10-16,264.0,269.2,263.51,268.15,53723180,14344201420.1,,
2023-10-17,268.3,271.97,266.91,270.0,51214360,13825850433.3,,
2023-10-18,270.0,271.19,266.11,267.9,40380530,10845314693.3,,
2023-10-19,267.13,271.0,266.28,268.65,33532880,9007682323.1,,
2023-10-20,268.5,270.3,266.5,269.8,32879730,8836450519.3,,
2023-10-23,270.45,274.1,269.65,270.1,62432160,16984291674.3,,
2023-10-24,270.0,272.06,268.62,271.27,28029860,7588324230.3,,
2023-10-25,271.5,274.96,270.53,273.73,41830970,11415367308.1,,
2023-10-26,274.11,276.0,269.12,269.9,59497750,16225541281.4,,
2023-10-27,269.93,271.98,266.8,269.7,49779630,13403054524.8,,
2023-10-30,269.9,271.55,268.6,269.89,33345990,9008697112.8,,
2023-10-31,270.0,270.5,266.87,268.35,26210450,7029773669.2,,
2023-11-01,268.29,270.3,267.6,269.68,20609480,5549754579.7,,
2023-11-02,270.0,270.98,268.5,269.06,25751530,6944685370.1,,
2023-11-03,269.07,269.78,267.2,268.54,20981280,5636878200.6,,
2023-11-06,269.0,273.87,268.62,273.42,29274160,7958186555.7,,
2023-11-07,273.01,274.78,272.2,273.31,32275170,8823191181.7,,
2023-11-08,273.64,278.35,273.28,278.15,58032670,16058628329.9,,
2023-11-09,278.6,278.85,276.02,276.65,28430630,7882378166.5,,
2023-11-10,276.99,281.3,276.6,280.19,44643290,12486368414.0,,
2023-11-13,280.4,284.8,280.32,283.97,45887770,12987568839.3,,
2023-11-14,283.7,283.88,280.54,280.87,40484810,11420870892.9,,
2023-11-15,280.87,283.93,278.51,282.89,41837690,11759519733.3,,
2023-11-16,282.4,283.69,279.56,279.7,24696600,6960894309.1,,
2023-11-17,279.7,282.5,278.66,281.6,31322320,8802030848.8,,
2023-11-20,281.96,284.2,281.61,282.91,25291010,7159259895.1,,
2023-11-21,282.3,283.82,281.66,282.79,19099390,5398749981.4,,
2023-11-22,283.12,286.67,282.85,286.16,47296890,13495087731.8,,
2023-11-23,286.16,287.77,285.04,286.19,27724080,7943750424.6,,
2023-11-24,286.49,287.5,285.11,286.85,26067870,7464158319.9,,
2023-11-27,287.4,289.0,278.88,282.33,79146090,22471824107.9,,
2023-11-28,282.4,282.51,277.32,279.91,45507410,12723607276.7,,
2023-11-29,279.36,280.56,276.2,276.8,29820830,8285652355.3,,
2023-11-30,276.7,278.65,272.75,277.5,55873540,15391411364.4,,
2023-12-01,277.0,277.98,273.55,273.97,31660970,8726777005.9,,
2023-12-04,273.6,274.95,270.52,270.96,37700740,10274823032.6,,
2023-12-05,271.98,279.65,270.54,279.62,46892570,12898716767.4,,
2023-12-06,279.92,280.79,266.83,267.58,100020030,27232146023.6,,
2023-12-07,267.62,270.44,263.06,265.12,63564530,16923520867.1,,
2023-12-08,266.0,268.23,263.72,265.16,35364310,9405705680.8,,
2023-12-11,265.17,266.47,254.81,256.89,77668070,20147540396.1,,
2023-12-12,256.79,262.88,255.05,257.6,63932170,16571022504.0,,
2023-12-13,257.6,261.39,256.5,260.45,29836400,7735550777.2,,
2023-12-14,261.4,262.75,255.58,256.64,40549660,10532813145.4,,
2023-12-15,256.6,268.91,256.6,268.21,84668740,22341539421.4,,
2023-12-18,268.93,270.44,266.54,268.4,51602470,13852221892.9,,
2023-12-19,268.38,269.71,265.0,267.35,38287810,10231074172.7,,
2023-12-20,267.51,269.1,266.2,266.61,31094000,8324805931.0,,
2023-12-21,266.4,266.87,263.5,265.19,33301420,8829664891.8,,
2023-12-22,266.06,271.9,265.37,271.3,58724860,15866126899.5,,
2023-12-25,271.72,273.85,270.05,271.08,38115690,10373920560.6,,
2023-12-26,271.0,272.89,270.0,271.9,22658320,6150168906.6,,
2023-12-27,271.9,272.59,270.85,271.08,17214050,4676446141.7,,
2023-12-28,270.92,272.48,268.52,271.74,29439730,7965183378.6,,
2023-12-29,272.19,272.59,270.55,270.82,20810540,5650210977.5,,
2024-01-03,271.9,274.7,271.0,274.56,20586020,5631304882.5,,
2024-01-04,274.67,275.48,273.7,274.12,11729380,3218187919.1,,
2024-01-05,274.3,274.69,272.8,273.62,9635550,2634959748.5,,
2024-01-08,273.6,277.0,273.53,276.76,21489440,5924626062.4,,
2024-01-09,276.97,278.0,274.71,275.28,20316030,5601231460.4,,
2024-01-10,275.3,276.16,273.64,274.49,20660410,5689654961.5,,
2024-01-11,274.78,275.97,274.01,275.71,19526030,5370898109.7,,
2024-01-12,276.0,276.96,274.77,275.84,17702040,4882061544.1,,
2024-01-15,276.45,277.73,275.21,275.96,21397690,5915980754.2,,
2024-01-16,276.22,276.45,274.1,276.01,16110240,4434943891.0,,
2024-01-17,276.02,279.17,275.75,278.0,34256680,9523371870.2,,
2024-01-18,278.24,278.87,276.76,277.07,17701680,4914788384.0,,
2024-01-19,277.39,277.47,273.55,274.86,28052580,7719165768.4,,
2024-01-22,274.86,275.9,273.85,274.93,15086860,4149254623.1,,
2024-01-23,274.7,277.26,274.31,275.9,20092540,5551653286.2,,
2024-01-24,275.9,276.44,273.7,273.77,20203730,5547156811.6,,
2024-01-25,274.0,274.18,271.55,272.81,24436130,6660096921.1,,
2024-01-26,273.1,273.72,272.21,272.65,11131250,3039687676.7,,
2024-01-29,273.02,274.95,272.7,274.05,17095190,4686446978.0,,
2024-01-30,274.01,277.25,273.97,275.67,27236150,7510055141.5,,
2024-01-31,275.84,276.45,275.0,276.0,12543740,3458231052.6,,
2024-02-01,276.03,277.75,275.93,276.86,15976730,4424105623.2,,
2024-02-02,277.0,277.3,276.0,276.74,12718190,3517688565.9,,
2024-02-05,277.0,278.57,276.9,277.84,16056990,4459688600.3,,
2024-02-06,278.0,278.99,277.3,278.67,15960270,4441542937.6,,
2024-02-07,278.82,284.5,278.81,284.41,45372390,12797141132.2,,
2024-02-08,284.52,286.24,281.25,282.17,44132450,12521153866.4,,
2024-02-09,282.17,284.0,281.5,283.5,24378920,6900413037.7,,
2024-02-12,283.66,287.84,283.5,287.28,33890070,9693906269.9,,
2024-02-13,287.52,289.0,285.4,287.07,33307500,9560948260.2,,
2024-02-14,287.07,290.6,286.84,289.06,35874260,10376406284.2,,
2024-02-15,289.3,290.45,287.63,290.24,25912290,7491686110.6,,
2024-02-16,290.47,292.3,286.25,288.33,53446950,15460455301.4,,
2024-02-19,288.51,289.98,287.07,288.93,24327480,7030472390.0,,
2024-02-20,289.2,289.28,283.29,283.9,44972610,12882360699.8,,
2024-02-21,283.9,285.28,280.2,282.0,48915360,13832083001.2,,
2024-02-22,282.1,285.05,282.1,284.77,25175120,7137276375.2,,
2024-02-26,288.52,291.3,287.0,291.25,42969530,12435377754.3,,
2024-02-27,291.35,293.0,290.55,292.52,32504830,9488019001.0,,
2024-02-28,292.6,293.95,289.75,291.75,49330680,14423329993.4,,
2024-02-29,292.31,293.2,291.3,292.19,22436940,6562891480.7,,
2024-03-01,292.2,295.88,292.2,295.38,27129280,7970692143.2,,
2024-03-04,295.87,299.5,295.8,299.17,40609910,12107585572.0,,
2024-03-05,299.33,300.41,297.57,298.4,41756340,12488922816.8,,
2024-03-06,298.2,299.33,296.82,297.71,17756170,5293866478.8,,
2024-03-07,297.72,300.58,297.24,300.4,21982790,6570159861.5,,
2024-03-11,301.0,302.95,298.5,299.79,41781940,12573478353.0,,
2024-03-12,299.6,301.07,297.34,300.9,28743980,8607354015.3,,
2024-03-13,301.2,301.49,298.7,298.85,24012100,7202085490.6,,
2024-03-14,298.5,298.7,295.14,295.83,42205930,12524056211.8,,
2024-03-15,295.71,299.44,295.29,298.3,26040280,7760549517.4,,
2024-03-18,299.4,299.98,297.63,298.87,20281860,6067059310.3,,
2024-03-19,298.3,299.4,294.21,295.2,59714940,17713321524.8,,
2024-03-20,295.3,296.88,293.52,295.4,30703230,9072637303.8,,
2024-03-21,295.99,297.3,291.8,295.62,70680800,20813977282.9,,
2024-03-22,295.77,296.79,291.05,292.99,48982100,14416754330.6,,
2024-03-25,294.0,294.93,292.13,293.9,25567820,7506770037.9,,
2024-03-26,294.5,295.82,293.04,294.11,16295560,4794328486.1,,
2024-03-27,294.47,295.11,293.47,295.1,14560090,4286276310.5,,
2024-03-28,295.5,299.3,295.5,299.0,33675160,10034947247.5,,
2024-03-29,299.38,299.5,298.0,298.72,17705950,5288501325.2,,
2024-04-01,300.0,301.65,299.5,300.43,28662870,8612449823.1,,
2024-04-02,300.43,300.99,298.95,300.38,19980460,5995530685.0,,
2024-04-03,300.4,307.13,300.17,306.72,58228980,17732924741.7,,
2024-04-04,306.8,307.77,304.36,304.61,29074900,8884912105.9,,
2024-04-05,304.62,306.5,303.7,306.1,19355990,5915523146.6,,
2024-04-08,306.5,308.6,306.22,307.75,24899610,7656859212.5,,
2024-04-09,308.1,309.35,305.51,306.76,32044440,9857166056.7,,
2024-04-10,306.76,307.14,304.62,306.48,20682180,6331291824.7,,
2024-04-11,306.7,308.0,305.7,306.95,20527000,6298575558.1,,
2024-04-12,307.4,307.87,306.3,307.1,16025300,4920099637.9,,
2024-04-15,307.47,308.39,306.64,307.99,20746510,6381167168.7,,
2024-04-16,308.0,308.65,307.0,308.29,17135850,5273954891.3,,
2024-04-17,308.65,309.74,305.91,306.59,28227330,8679485717.7,,
2024-04-18,306.01,308.29,305.05,307.99,20387560,6264315854.3,,
2024-04-19,308.0,308.38,306.8,307.38,14578320,4482220740.8,,
2024-04-22,308.0,315.0,307.38,314.99,69006740,21503352871.0,,
2024-04-23,315.39,315.79,306.26,307.39,92863630,28881328913.5,,
2024-04-24,307.5,309.79,306.65,307.94,26557490,8189808740.4,,
2024-04-25,307.95,309.07,307.45,308.41,15946760,4916605561.8,,
2024-04-26,308.5,309.9,308.0,309.0,21146360,6538760959.0,,
2024-04-27,309.25,309.99,308.7,308.98,13111060,4055173632.8,,
2024-04-29,309.14,309.6,307.65,308.97,10025690,3092125081.6,,
2024-04-30,309.19,309.49,308.03,308.24,5980690,1844647205.8,,
2024-05-02,308.7,309.19,306.8,307.37,16262520,5006399567.2,,
2024-05-03,307.11,308.29,304.34,307.53,30466990,9339424027.0,,
2024-05-06,308.1,308.1,305.55,306.01,19203550,5890819811.7,,
2024-05-07,306.23,308.87,306.21,308.22,16616810,5112444401.6,,
2024-05-08,308.41,311.83,308.08,311.21,33881400,10529373347.6,,
2024-05-10,311.5,313.5,311.31,313.49,16715650,5230529723.5,,
2024-05-13,314.1,315.7,314.04,314.85,21712460,6839146524.5,,
2024-05-14,315.0,318.41,313.58,318.12,35247320,11154192130.2,,
2024-05-15,318.2,320.16,317.7,319.7,28351820,9056860789.1,,
2024-05-16,320.0,322.91,320.0,322.91,27847220,8952630927.5,,
2024-05-17,322.96,323.5,320.02,323.16,24398590,7859033926.8,,
2024-05-20,324.0,324.85,318.94,321.08,36736790,11817360016.0,,
2024-05-21,320.88,322.23,318.0,320.64,34019460,10876485461.1,,
2024-05-22,320.8,323.1,320.8,322.93,18651840,6011980649.9,,
2024-05-23,322.8,324.0,321.23,323.54,17865490,5768287058.1,,
2024-05-24,323.83,324.48,319.78,321.0,26594700,8554310667.2,,
2024-05-27,321.01,321.95,315.5,317.09,45712960,14541663957.6,,
2024-05-28,317.5,320.9,315.82,318.22,30187790,9627673836.0,,
2024-05-29,318.25,320.4,315.92,320.38,22989260,7313974807.4,,
2024-05-30,320.91,321.55,316.0,316.63,27005390,8605178038.5,,
2024-05-31,316.0,318.49,309.8,313.11,49206450,15479042373.3,,
2024-06-03,313.5,315.5,305.0,310.95,61860770,19130763055.2,,
2024-06-04,310.98,316.5,308.8,316.49,33070240,10346962905.5,,
2024-06-05,316.63,318.28,313.85,314.72,27792110,8793190541.6,,
2024-06-06,314.7,316.45,311.15,313.08,28328920,8883619041.5,,
2024-06-07,313.8,320.64,312.73,319.9,44484260,14157276798.3,,
2024-06-10,320.8,321.98,315.21,317.28,26344630,8400530697.5,,
2024-06-11,317.5,319.84,315.88,317.8,20064950,6377952742.9,,
2024-06-13,305.7,317.82,304.14,317.71,41281520,12977584451.7,,
2024-06-14,317.8,320.7,316.2,319.35,21488970,6849866414.7,,
2024-06-17,320.0,320.45,316.85,317.65,15476190,4932076583.1,,
2024-06-18,317.65,318.0,313.02,314.34,22024090,6947091443.3,,
2024-06-19,314.38,314.78,307.51,310.7,42183660,13105247559.5,,
2024-06-20,310.7,314.72,306.02,314.15,72789950,22616269152.5,,
2024-06-21,315.0,316.0,312.6,314.14,29116600,9152147994.0,,
2024-06-24,314.7,319.0,314.14,317.25,29607080,9387538945.4,,
2024-06-25,317.5,319.89,316.28,319.8,25978180,8270536250.9,,
2024-06-26,320.1,324.56,319.8,324.55,42491110,13721465556.5,,
2024-06-27,324.8,327.83,322.63,327.16,46771370,15221129798.9,,
2024-06-28,327.87,329.3,325.8,327.15,40451800,13250355870.2,,
2024-07-01,327.64,329.0,326.25,327.1,31710510,10396387155.0,,
2024-07-02,327.35,328.87,326.82,328.37,21155650,6941082279.2,,
2024-07-03,328.58,330.45,327.0,328.2,32156700,10584686930.8,,
2024-07-04,328.39,329.57,323.81,324.66,40766110,13317132561.5,,
2024-07-05,324.71,327.0,321.01,325.0,40433010,13096717923.0,,
2024-07-08,325.76,327.44,323.74,324.07,27756900,9025370831.1,,
2024-07-09,324.3,325.33,317.5,319.99,54199810,17436610896.9,,
2024-07-10,319.0,320.3,314.3,316.68,88512550,28065530252.0,,
2024-07-11,289.96,296.98,285.22,295.87,168030600,48738315678.7,,
2024-07-12,296.0,297.48,290.97,292.21,49999170,14669454270.5,,
2024-07-15,293.0,293.86,283.5,284.38,58737560,16923746968.1,,
2024-07-16,284.49,285.69,276.7,285.25,82870860,23286385147.6,,
2024-07-17,285.84,289.96,283.23,284.68,42824670,12284503604.5,,
2024-07-18,284.68,289.99,282.73,289.83,34090360,9784301935.1,,
2024-07-19,290.67,292.58,289.2,289.9,31022060,9026251889.6,,
2024-07-22,291.0,294.95,291.0,294.71,33386610,9779002585.2,,
2024-07-23,295.47,295.48,293.36,294.39,22190840,6529116896.2,,
2024-07-24,294.39,296.67,293.2,295.69,24565710,7263003449.2,,
2024-07-25,295.69,297.3,294.2,296.37,22868740,6768216500.8,,
2024-07-26,296.4,300.0,292.67,293.3,84909830,25147137351.5,,
2024-07-29,293.0,293.0,286.0,286.58,52445850,15134258844.7,,
2024-07-30,286.5,291.99,284.32,290.0,42572480,12290569982.7,,
2024-07-31,290.47,291.2,288.01,289.3,25974520,7524943880.7,,
2024-08-01,289.87,290.69,287.04,287.21,18646450,5391099058.0,,
2024-08-02,287.21,287.99,284.37,286.04,30086580,8601524731.8,,
2024-08-05,282.79,283.46,275.17,275.49,82141460,22871130952.3,,
2024-08-06,277.01,281.16,276.35,279.4,43600150,12169833605.6,,
2024-08-07,280.0,283.27,277.21,282.2,48494490,13599338250.0,,
2024-08-08,283.4,285.42,280.0,281.09,42425830,12008636097.6,,
2024-08-09,281.0,282.67,279.62,281.44,22302730,6275073796.0,,
2024-08-12,280.01,281.5,278.03,280.74,27767330,7768907946.4,,
2024-08-13,281.05,284.33,280.42,283.92,24058790,6791087827.3,,
2024-08-14,284.3,284.7,280.12,280.32,21757040,6148973531.0,,
2024-08-15,280.5,280.85,276.73,278.01,28665290,7984061069.2,,
2024-08-16,278.05,279.0,274.32,274.6,26195850,7255848404.4,,
2024-08-19,275.0,275.56,265.02,268.17,68626200,18530524836.8,,
2024-08-20,268.35,269.49,263.36,266.2,54276130,14489552806.6,,
2024-08-21,266.2,267.8,263.86,266.93,37127480,9866186881.8,,
2024-08-22,266.93,268.5,260.15,261.6,47907530,12655851217.7,,
2024-08-23,261.61,262.8,255.56,259.5,76719180,19878279030.4,,
2024-08-26,263.55,266.95,261.54,265.39,49974250,13205967280.5,,
2024-08-27,265.83,266.07,259.82,260.5,32345170,8495741636.8,,
2024-08-28,259.9,262.47,254.99,262.47,47867970,12416454599.4,,
2024-08-29,262.58,264.19,258.36,260.31,34802250,9085153605.5,,
2024-08-30,260.5,261.8,254.0,254.45,46118490,11826212287.4,,
2024-09-02,254.03,254.2,242.65,244.31,97662430,24225650310.2,,
2024-09-03,244.4,250.0,240.01,244.04,105673360,25885880197.1,,
2024-09-04,244.51,253.5,242.8,253.01,70652080,17536502500.4,,
2024-09-05,255.0,258.17,251.11,252.82,78616830,20008156071.4,,
2024-09-06,253.01,255.35,250.31,254.77,41336330,10455174955.5,,
2024-09-09,256.32,263.45,255.3,263.31,66128940,17203253856.9,,
2024-09-10,264.61,264.61,258.7,261.29,57937830,15137344244.0,,
2024-09-11,260.31,262.0,257.5,258.2,38293710,9961674795.0,,
2024-09-12,257.8,258.68,252.85,254.93,46358080,11841477728.8,,
2024-09-13,255.19,259.92,248.75,258.25,111180360,28260374145.3,,
2024-09-16,259.64,264.37,257.8,263.79,52643180,13789541715.2,,
2024-09-17,264.12,267.0,260.55,265.99,57565620,15202488870.0,,
2024-09-18,265.73,267.99,263.15,263.4,43376640,11523855679.3,,
2024-09-19,263.94,266.19,262.32,264.5,35683170,9440735658.1,,
2024-09-20,264.52,269.21,264.5,269.08,38767000,10346363727.7,,
2024-09-23,269.3,273.8,269.3,273.17,49396850,13432987817.1,,
2024-09-24,273.9,273.94,270.5,272.92,36984140,10076908612.0,,
2024-09-25,272.92,273.8,267.3,267.8,43803870,11862922074.2,,
2024-09-26,267.54,269.76,265.41,267.88,31888540,8524972559.0,,
2024-09-27,268.9,269.7,267.17,268.07,18889430,5073287299.4,,
2024-09-30,269.26,272.33,268.14,268.49,42519740,11510452992.3,,
2024-10-01,267.6,268.68,264.0,266.29,52125800,13875642502.8,,
2024-10-02,266.01,268.0,258.52,259.31,46519200,12233584613.0,,
2024-10-03,259.31,264.49,257.2,264.25,56534560,14759403716.9,,
2024-10-04,264.96,265.44,262.11,264.09,25992290,6861324907.4,,
2024-10-07,264.25,267.0,261.37,263.39,28940600,7618217009.6,,
2024-10-08,263.0,263.8,261.89,262.4,16163780,4248218099.7,,
2024-10-09,262.42,263.8,259.59,260.86,25021350,6531053134.9,,
2024-10-10,260.88,261.64,258.91,259.98,17677230,4598989252.9,,
2024-10-11,259.8,260.07,256.8,256.94,24848580,6408762717.8,,
2024-10-14,256.15,263.91,254.1,261.28,64205680,16646352622.2,,
2024-10-15,260.94,263.7,259.84,262.03,26247370,6879583803.8,,
2024-10-16,262.05,264.72,258.45,259.5,40206260,10504935123.6,,
2024-10-17,259.5,260.45,256.03,256.57,24658790,6366640213.7,,
2024-10-18,256.21,258.9,254.41,257.19,30020250,7693100993.4,,
2024-10-21,257.3,259.85,256.78,258.21,21471680,5547686295.3,,
2024-10-22,258.1,258.8,255.25,255.42,17064680,4381858399.4,,
2024-10-23,255.1,255.9,251.34,252.01,30420950,7718228941.6,,
2024-10-24,252.01,254.27,250.25,252.64,28764370,7245386056.0,,
2024-10-25,252.72,255.35,245.7,246.35,80587930,20126043138.8,,
2024-10-28,245.02,249.0,241.61,242.56,71940990,17652871569.7,,
2024-10-29,243.2,244.6,239.88,242.66,47134580,11430089075.7,,
2024-10-30,242.7,246.22,241.11,241.45,39826840,9721006737.9,,
2024-10-31,241.4,242.8,236.23,237.9,57274130,13737746155.2,,
2024-11-01,237.9,239.1,234.57,238.03,48370770,11441541301.6,,
2024-11-02,237.9,240.0,237.71,238.97,14895450,3558577653.7,,
2024-11-05,239.6,241.2,238.07,239.23,28172270,6757011275.8,,
2024-11-06,247.0,248.56,242.05,243.6,78965200,19402189406.5,,
2024-11-07,243.26,251.0,242.16,250.93,44425190,10948449973.3,,
2024-11-08,251.5,255.99,250.5,255.98,58086370,14677974806.8,,
2024-11-11,257.99,261.3,256.49,260.73,67847940,17578684699.6,,
2024-11-12,259.99,260.7,255.27,255.77,40926850,10539814448.5,,
2024-11-13,255.29,258.96,254.05,254.7,44540020,11439153914.4,,
2024-11-14,254.26,255.92,248.6,249.52,49011750,12366776262.5,,
2024-11-15,249.31,254.43,248.05,253.43,44201700,11113484983.2,,
2024-11-18,249.0,251.94,247.3,248.72,51559910,12859671851.2,,
2024-11-19,249.03,249.83,239.62,240.59,75474680,18395321114.9,,
2024-11-20,241.82,243.59,234.74,237.05,70349830,16837071934.3,,
2024-11-21,237.15,240.94,234.0,240.47,75143570,17757313155.9,,
2024-11-22,240.5,241.0,234.78,236.0,45621420,10836393146.5,,
2024-11-25,236.0,237.1,227.25,227.81,76469770,17727272699.1,,
2024-11-26,227.8,231.9,221.2,223.16,96795030,21854770442.0,,
2024-11-27,223.9,226.47,219.2,226.3,112457620,25043210046.8,,
2024-11-28,227.0,229.5,222.48,228.56,67840700,15359712601.0,,
2024-11-29,228.48,236.99,227.55,236.49,70303900,16387603634.6,,
2024-12-02,237.02,238.7,234.32,235.17,45142250,10677792835.0,,
2024-12-03,235.29,235.97,230.26,230.8,45322870,10536715774.0,,
2024-12-04,231.0,233.79,224.3,224.55,72417390,16617122007.6,,
2024-12-05,224.57,233.75,222.82,233.48,86989140,19851593351.8,,
2024-12-06,233.63,238.25,231.52,237.84,81096070,19088098358.7,,
2024-12-09,239.29,240.51,236.75,237.29,52493640,12526394065.3,,
2024-12-10,238.0,238.01,230.65,230.82,58740230,13710391986.5,,
2024-12-11,230.5,234.39,229.22,234.19,64914300,15026987712.0,,
2024-12-12,234.0,235.95,228.52,229.02,59171170,13748238586.9,,
2024-12-13,228.9,231.33,227.85,228.7,46124660,10570497704.4,,
2024-12-16,228.62,229.05,224.38,225.53,54593280,12350005599.1,,
2024-12-17,225.6,227.49,223.72,226.5,45885470,10353636763.7,,
2024-12-18,226.72,230.8,224.33,230.15,58056480,13200949659.8,,
2024-12-19,230.16,234.99,227.71,229.0,124061370,28715332741.6,,
2024-12-20,229.1,258.98,228.03,257.6,235186220,58117516791.8,,
2024-12-23,260.0,270.0,256.51,264.9,163165650,43158379935.7,,
2024-12-24,264.94,266.79,261.02,264.34,83808660,22159031394.9,,
2024-12-25,263.62,273.0,260.31,271.69,125539910,33690236575.4,,
2024-12-26,272.0,274.25,269.1,269.56,75735270,20555363427.4,,
2024-12-27,269.61,272.16,268.57,271.2,52144690,14113195712.4,,
2024-12-28,271.35,273.99,270.4,272.83,39585910,10781650537.5,,
2024-12-30,274.0,279.49,273.7,279.43,52633750,14559469001.2,,
2025-01-03,280.0,280.41,271.8,272.25,43086870,11853565984.9,,
2025-01-06,270.88,274.41,270.07,274.37,28454750,7737094495.2,,
2025-01-08,273.07,277.87,273.07,277.0,26634660,7356165148.5,,
2025-01-09,276.71,278.77,270.73,271.8,52952880,14491325783.8,,
2025-01-10,272.31,279.53,270.27,278.77,71154220,19623132401.4,,
2025-01-13,280.62,284.75,278.6,279.8,66601710,18781966095.5,,
2025-01-14,279.84,282.36,277.41,279.85,46037150,12888705821.9,,
2025-01-15,280.0,282.82,276.06,282.77,52864450,14768778206.9,,
2025-01-16,283.7,284.0,281.18,281.8,49453530,13975953014.3,,
2025-01-17,282.2,284.64,280.19,283.53,51876150,14674366108.3,,
2025-01-20,285.1,286.23,277.61,278.19,67946640,19166116805.7,,
2025-01-21,279.39,281.85,276.32,281.85,40478260,11305302708.9,,
2025-01-22,282.0,284.0,280.2,280.36,47106880,13286163684.6,,
2025-01-23,280.79,280.79,277.35,280.49,38573410,10774689057.8,,
2025-01-24,281.0,282.75,279.25,280.74,32155210,9028740828.2,,
2025-01-27,280.72,280.97,275.01,275.23,39035610,10825883885.4,,
2025-01-28,275.25,279.26,274.01,278.35,39030820,10821743892.1,,
2025-01-29,278.0,282.18,277.12,280.36,39161630,10974299055.3,,
2025-01-30,280.44,282.5,280.36,281.97,28020880,7888310432.6,,
2025-01-31,281.97,284.11,280.27,280.73,40333120,11395665602.0,,
2025-02-03,280.21,280.35,278.0,279.55,30373760,8477125815.3,,
2025-02-04,279.55,281.41,275.7,277.4,23986670,6685824653.4,,
2025-02-05,277.3,283.89,275.34,282.88,43070410,12035124307.1,,
2025-02-06,283.89,288.92,282.09,287.15,69363150,19885584125.2,,
2025-02-07,287.66,288.9,285.08,285.81,27626070,7924869053.3,,
2025-02-10,287.61,294.55,287.61,289.94,73052590,21267188580.4,,
2025-02-11,290.35,294.1,289.3,294.06,56009830,16355814309.0,,
2025-02-12,294.3,314.4,291.3,314.0,185816680,56277149585.3,,
2025-02-13,315.61,318.72,307.2,310.1,116925810,36604642922.8,,
2025-02-14,315.59,317.84,303.06,309.87,126690930,39525316749.6,,
2025-02-17,314.0,319.55,312.31,319.5,84827010,26824441532.1,,
2025-02-18,319.99,320.92,310.21,312.95,85001770,26823149077.9,,
2025-02-19,313.53,317.25,311.01,315.91,50484340,15868701994.0,,
2025-02-20,315.91,317.96,314.02,315.05,33164900,10477695990.6,,
2025-02-21,315.48,316.69,312.0,314.74,32725520,10285495344.6,,
2025-02-24,314.92,316.4,313.0,316.03,35730390,11245263329.0,,
2025-02-25,316.03,318.59,315.62,316.97,38826960,12313543551.0,,
2025-02-26,316.97,317.45,308.31,310.22,73827020,23040552826.8,,
2025-02-27,310.22,312.45,305.43,307.1,60936490,18840933180.5,,
2025-02-28,306.01,310.4,304.05,309.63,65681370,20165953351.0,,
2025-03-03,309.84,310.94,300.2,305.5,69490830,21118040593.4,,
2025-03-04,306.95,318.5,306.14,316.4,88130960,27673062102.7,,
2025-03-05,316.4,318.3,313.0,313.56,57792400,18258763571.0,,
2025-03-06,313.6,317.43,313.57,315.18,31963110,10074119599.5,,
2025-03-07,315.19,321.87,310.69,316.92,110871260,35131355149.6,,
2025-03-10,316.98,320.63,316.37,317.57,39315360,12523199814.1,,
2025-03-11,317.7,321.98,315.57,319.69,64935150,20743337430.1,,
2025-03-12,319.99,320.9,315.8,318.39,41964450,13354955867.1,,
2025-03-13,318.39,320.5,312.5,316.37,78552090,24872186568.7,,
2025-03-14,316.0,321.1,314.12,320.51,51762530,16479988152.4,,
2025-03-17,320.69,326.97,319.82,326.02,65837470,21405545613.7,,
2025-03-18,326.2,329.77,323.82,324.06,72947120,23858590971.5,,
2025-03-19,324.5,326.88,322.3,325.3,39800890,12924249479.5,,
2025-03-20,325.41,326.0,321.8,324.05,42356790,13733625340.5,,
2025-03-21,323.8,326.08,322.15,323.26,28707780,9307475192.5,,
2025-03-24,323.26,323.94,318.51,319.47,33041960,10625951470.3,,
2025-03-25,320.0,322.2,314.65,319.8,48328480,15393054646.5,,
2025-03-26,319.9,320.88,315.01,315.23,20580040,6538901138.5,,
2025-03-27,315.51,317.16,311.95,311.96,36146350,11358486600.3,,
2025-03-28,311.96,313.65,305.65,308.04,51876870,16031305830.6,,
2025-03-31,307.8,310.88,298.8,309.72,63464450,19421334931.8,,
2025-04-01,310.5,312.9,302.7,303.24,46088340,14189067837.8,,
2025-04-02,303.23,306.5,301.21,306.11,40207020,12239463777.8,,
2025-04-03,306.21,309.2,296.0,302.09,52408560,15830422691.6,,
2025-04-04,303.55,304.37,284.4,285.35,88719200,26036638105.7,,
2025-04-07,285.25,294.0,275.76,287.56,148100880,42133204557.9,,
2025-04-08,290.0,294.66,281.5,282.03,65532930,18971747387.6,,
2025-04-09,280.91,294.48,276.33,293.4,109378190,31178982733.2,,
2025-04-10,294.09,296.75,288.27,292.46,62862840,18462379507.9,,
2025-04-11,293.0,300.48,292.8,299.81,50418210,15032498602.8,,
2025-04-14,300.18,302.4,295.13,296.5,43463400,13002981126.2,,
2025-04-15,296.51,300.45,295.6,297.99,24258710,7237200065.2,,
2025-04-16,298.0,303.3,296.06,300.8,30103500,9025534176.1,,
2025-04-17,300.89,305.07,300.41,304.8,37579800,11378109269.2,,
2025-04-18,302.7,303.85,296.25,300.01,46147920,13843312685.9,,
2025-04-21,302.67,308.7,301.76,308.12,51260130,15696937031.4,,
2025-04-22,308.5,315.0,306.55,312.25,64482010,19986720462.3,,
2025-04-23,313.0,314.98,305.55,310.0,58851190,18205856288.0,,
2025-04-24,310.77,312.8,309.09,310.16,24120000,7504459729.8,,
2025-04-25,310.85,317.87,310.71,316.69,51763570,16278145183.5,,
2025-04-28,318.42,320.26,313.52,314.23,64064870,20322690613.4,,
2025-04-29,314.99,315.45,308.1,309.41,30249990,9421538560.5,,
2025-04-30,309.28,309.95,303.12,307.8,41266290,12646916301.8,,
2025-05-02,307.8,307.8,299.7,299.96,19751770,5981323146.0,,
2025-05-05,299.9,302.78,291.66,294.64,51318290,15230445067.2,,
2025-05-06,294.65,304.75,292.05,302.02,49327640,14773158821.5,,
2025-05-07,302.5,304.24,300.56,302.79,29667370,8976384139.9,,
2025-05-08,302.9,306.0,300.61,302.15,20811410,6320270506.9,,
2025-05-12,303.53,311.49,301.7,310.81,44959170,13884015455.2,,
2025-05-13,310.8,312.5,309.61,311.24,24762720,7704228262.3,,
2025-05-14,311.5,313.71,304.04,304.21,27152010,8424502346.8,,
2025-05-15,304.2,307.77,300.49,304.72,47487250,14406540059.2,,
2025-05-16,304.7,308.88,296.56,306.34,63956680,19427040526.8,,
2025-05-19,306.34,313.0,306.01,308.33,54696990,16945367750.9,,
2025-05-20,308.88,309.55,304.7,306.16,19810690,6083077283.3,,
2025-05-21,306.17,307.56,302.89,303.98,20456330,6242559258.5,,
2025-05-22,304.5,305.6,299.17,302.66,35013910,10582114096.7,,
2025-05-23,302.66,305.0,301.33,302.22,17175890,5198782407.7,,
2025-05-26,302.22,302.49,295.5,297.77,34631470,10306538220.4,,
2025-05-27,297.73,299.9,293.08,298.7,25760040,7673014298.0,,
2025-05-28,299.0,308.82,299.0,308.47,48001460,14648131212.0,,
2025-05-29,308.61,309.95,305.66,306.65,24049740,7398147137.4,,
2025-05-30,306.27,310.29,305.01,309.3,21916240,6759369553.5,,
2025-06-02,309.31,311.99,300.51,309.63,54580610,16712545745.1,,
2025-06-03,309.7,314.88,309.39,313.55,34937680,10951973458.0,,
2025-06-04,314.0,318.29,311.17,313.23,53786160,16958795557.5,,
2025-06-05,313.55,318.59,313.53,317.96,28359290,8986855430.0,,
2025-06-06,318.35,325.43,312.52,313.13,102022760,32500344718.1,,
2025-06-09,314.0,315.51,310.0,311.17,33754120,10533542010.0,,
2025-06-10,311.21,313.3,307.55,308.68,27818280,8619271205.5,,
2025-06-11,309.53,313.6,308.03,312.0,26275440,8191275736.2,,
2025-06-13,313.28,313.39,309.53,310.2,13424610,4174681243.7,,
2025-06-16,310.21,314.37,309.55,311.5,24722530,7710716133.8,,
2025-06-17,311.61,314.93,310.5,313.56,23302090,7304100659.3,,
2025-06-18,313.56,314.82,311.63,313.38,17607700,5520966746.0,,
2025-06-19,313.41,316.45,312.14,312.46,30310650,9522281144.4,,
2025-06-20,312.46,313.59,309.3,309.7,22045200,6863014852.0,,
2025-06-23,310.9,311.44,308.04,310.17,15950290,4938806149.6,,
2025-06-24,310.3,312.02,309.0,311.37,18994470,5897307982.6,,
2025-06-25,311.65,314.29,311.57,313.78,20230110,6341067887.7,,
2025-06-26,313.8,314.5,312.74,312.84,12976890,4068113458.2,,
2025-06-27,313.03,315.5,313.0,315.18,19035650,5982192972.0,,
2025-06-30,315.2,317.7,314.6,316.15,30132840,9525329651.4,,
2025-07-01,316.69,319.6,316.3,318.42,21887840,6964251168.6,,
2025-07-02,318.96,319.85,317.41,319.43,20701250,6600317218.2,,
2025-07-03,319.53,321.5,318.74,319.17,20286790,6500049426.2,,
2025-07-04,318.85,321.41,317.5,319.44,17811390,5689934411.0,,
2025-07-07,319.5,320.6,312.82,313.5,31000910,9787005611.3,,
2025-07-08,313.34,315.31,309.6,309.71,25532140,7996138126.9,,
2025-07-09,310.01,312.3,307.6,310.09,29871070,9252314230.6,,
2025-07-10,310.77,315.07,310.5,314.01,23711960,7434156902.4,,
2025-07-11,314.5,317.88,308.85,309.88,39276450,12241821099.6,,
2025-07-14,310.0,318.85,304.38,317.97,60982030,19004266500.9,,
2025-07-15,318.16,320.43,316.6,319.99,40470270,12910720451.2,,
2025-07-16,320.0,322.0,319.54,321.58,36861670,11827832481.6,,
2025-07-17,321.26,329.23,321.19,327.05,91182020,29731917686.3,,
2025-07-18,300.45,309.4,300.25,309.0,115982520,35354690605.0,,
2025-07-21,309.69,314.56,309.31,310.4,58775550,18307430351.3,,
2025-07-22,310.65,311.72,308.55,310.67,26942000,8360752088.2,,
2025-07-23,311.0,314.49,310.78,313.08,37399400,11718452317.2,,
2025-07-24,313.09,313.99,309.75,310.83,27841890,8668962709.7,,
2025-07-25,310.86,311.76,306.0,308.93,50866870,15731070355.1,,
2025-07-28,309.35,309.95,303.54,303.97,41734530,12776839043.7,,
2025-07-29,304.77,308.26,303.05,305.26,30696940,9375226490.2,,
2025-07-30,305.58,306.2,303.2,303.3,14499120,4412739606.1,,
2025-07-31,303.9,305.79,302.81,304.95,19884770,6052599147.2,,
2025-08-01,305.41,307.5,302.89,304.22,18473506,5640029361.96,,
2025-08-04,305.3,308.12,304.5,307.95,28420639,8705418280.86,,
2025-08-05,307.97,308.67,305.25,307.38,21497509,6600273789.41,,
2025-08-06,307.4,312.96,303.33,310.22,59949361,18467299362.31,,
2025-08-07,310.22,316.5,308.76,313.43,72089666,22585748627.03,,
2025-08-08,314.68,317.98,312.6,317.97,34959877,11005948334.74,,
2025-08-11,321.72,322.9,317.05,317.82,42436965,13561508440.33,,
2025-08-12,318.17,318.99,316.6,318.0,18765577,5965464945.68,,
2025-08-13,318.0,319.7,317.05,317.51,21127896,6725812960.17,,
2025-08-14,317.6,319.2,314.81,318.73,26459276,8396973453.22,,
2025-08-15,318.9,320.5,318.45,319.4,26071682,8332392054.18,,
2025-08-18,316.86,319.89,310.03,318.38,47243830,14947370865.07,,
2025-08-19,318.98,319.73,316.29,316.5,21879576,6964277289.18,,
2025-08-20,316.53,317.51,313.02,314.17,18653270,5869479046.82,,
2025-08-21,314.17,315.1,309.28,309.98,30815394,9613839595.84,,
2025-08-22,310.11,312.49,309.75,312.05,15495808,4824423002.32,,
2025-08-25,312.11,312.5,308.75,311.42,16597549,5152868818.66,,
2025-08-26,311.11,314.0,310.5,311.79,11297232,3529157240.57,,
2025-08-27,312.0,313.78,311.06,312.78,11692831,3654563019.24,,
2025-08-28,313.03,314.5,310.12,310.82,20309447,6341434576.04,,
2025-08-29,311.18,311.82,308.95,310.04,14855695,4611253588.03,,
2025-09-01,309.99,312.5,308.82,309.2,12919567,4011172329.4,,
2025-09-02,309.2,310.1,307.05,308.44,17407779,5366665365.11,,
2025-09-03,308.45,309.68,307.21,309.49,10482402,3233933499.51,,
2025-09-04,309.6,310.8,307.5,308.74,12848837,3974488416.24,,
2025-09-05,309.1,311.16,308.8,310.5,11650553,3614081672.13,,
2025-09-08,310.5,313.26,310.1,312.83,18352636,5730658424.58,,
2025-09-09,313.0,314.25,311.62,313.06,17116843,5359212726.61,,
2025-09-10,313.65,313.65,309.0,309.76,19292572,5999706054.39,,
2025-09-11,309.76,310.77,305.8,307.11,29436347,9052430559.63,,
2025-09-12,307.5,308.72,302.53,303.5,39315303,12001884293.42,,
2025-09-15,303.61,304.75,300.71,302.48,24789043,7501199667.67,,
2025-09-16,303.0,304.2,299.7,301.8,26108050,7874847903.39,,
2025-09-17,301.8,305.92,299.8,304.5,31421531,9515741220.01,,
2025-09-18,304.8,305.05,300.66,301.68,27536729,8315372549.13,,
2025-09-19,301.6,303.8,294.61,294.84,38919790,11635708803.64,,
2025-09-22,295.86,299.3,292.16,298.05,41184639,12146855505.87,,
2025-09-23,298.26,300.11,290.39,291.6,33989319,10055129316.84,,
2025-09-24,291.8,296.64,288.4,293.31,47845030,14013824160.56,,
2025-09-25,293.87,294.89,289.5,289.9,20998024,6131641048.37,,
2025-09-26,290.2,292.79,288.52,291.33,22643314,6577490806.23,,
2025-09-29,291.03,295.5,286.5,287.57,36270471,10558191901.87,,
2025-09-30,287.67,289.88,285.24,288.36,29382368,8448898245.35,,
2025-10-01,288.88,290.39,285.11,286.4,22897705,6576740304.08,,
2025-10-02,286.4,287.15,282.8,285.22,28023440,7977142960.95,,
2025-10-03,285.75,287.32,282.58,282.91,17098575,4866587736.44,,
2025-10-06,283.0,291.17,279.14,290.56,44563926,12725990249.11,,
2025-10-07,290.0,295.87,288.75,293.89,37893983,11118592914.9,,
2025-10-08,293.93,295.0,278.0,281.9,75222569,21455966507.52,,
2025-10-09,282.8,290.45,278.75,289.37,76179258,21756142085.85,,
2025-10-10,289.9,289.95,284.1,285.12,34168796,9802145252.36,,
2025-10-13,284.4,288.75,282.22,285.39,37255011,10628443460.69,,
2025-10-14,285.5,286.99,282.05,283.3,22304284,6336024375.64,,
2025-10-15,283.93,285.39,282.0,283.74,22412693,6354633082.6,,
2025-10-16,283.9,304.0,282.4,302.91,94011501,27693939616.72,,
2025-10-17,303.23,305.0,299.76,300.91,45293894,13662360087.79,,
2025-10-20,301.3,306.15,301.3,304.0,34807707,10588797522.93,,
2025-10-21,304.1,304.43,290.5,295.47,70646260,21009220004.88,,
2025-10-22,295.52,295.77,286.76,290.02,43163350,12617477172.48,,
2025-10-23,286.93,291.98,285.21,291.8,39228445,11285276468.59,,
2025-10-24,292.17,294.93,286.3,287.55,47904311,13867992000.93,,
2025-10-27,287.47,287.99,282.46,283.17,35162033,9995467134.35,,
